question_id,permutation_idx,prob_A,prob_B,prob_C,prob_D,predicted_answer,correct_position,correct_answer,model,temperature
2012_q1,0,0.9333333333333333,0.0,0.0,0.06666666666666667,A,A,A,microsoft/Phi-3-mini-4k-instruct,0.7
2012_q1,1,0.7857142857142857,0.0,0.0,0.21428571428571427,A,D,A,microsoft/Phi-3-mini-4k-instruct,0.7
2012_q1,2,0.8,0.0,0.2,0.0,A,C,A,microsoft/Phi-3-mini-4k-instruct,0.7
2012_q1,3,0.6666666666666666,0.3333333333333333,0.0,0.0,A,B,A,microsoft/Phi-3-mini-4k-instruct,0.7
2012_q2,0,0.4444444444444444,0.2222222222222222,0.3333333333333333,0.0,A,C,C,microsoft/Phi-3-mini-4k-instruct,0.7
2012_q2,1,0.4444444444444444,0.3333333333333333,0.2222222222222222,0.0,A,B,C,microsoft/Phi-3-mini-4k-instruct,0.7
2012_q2,2,0.4444444444444444,0.3333333333333333,0.2222222222222222,0.0,A,A,C,microsoft/Phi-3-mini-4k-instruct,0.7
2012_q2,3,0.6,0.3,0.1,0.0,A,D,C,microsoft/Phi-3-mini-4k-instruct,0.7
2012_q3,0,0.8666666666666667,0.0,0.13333333333333333,0.0,A,C,C,microsoft/Phi-3-mini-4k-instruct,0.7
2012_q3,1,0.9333333333333333,0.06666666666666667,0.0,0.0,A,B,C,microsoft/Phi-3-mini-4k-instruct,0.7
2012_q3,2,0.8666666666666667,0.06666666666666667,0.06666666666666667,0.0,A,A,C,microsoft/Phi-3-mini-4k-instruct,0.7
2012_q3,3,0.7142857142857143,0.0,0.0,0.2857142857142857,A,D,C,microsoft/Phi-3-mini-4k-instruct,0.7
2012_q4,0,0.6923076923076923,0.23076923076923078,0.07692307692307693,0.0,A,B,B,microsoft/Phi-3-mini-4k-instruct,0.7
2012_q4,1,0.8461538461538461,0.0,0.07692307692307693,0.07692307692307693,A,A,B,microsoft/Phi-3-mini-4k-instruct,0.7
2012_q4,2,0.75,0.16666666666666666,0.0,0.08333333333333333,A,D,B,microsoft/Phi-3-mini-4k-instruct,0.7
2012_q4,3,0.8181818181818182,0.0,0.09090909090909091,0.09090909090909091,A,C,B,microsoft/Phi-3-mini-4k-instruct,0.7
2012_q5,0,0.5,0.2857142857142857,0.14285714285714285,0.07142857142857142,A,D,D,microsoft/Phi-3-mini-4k-instruct,0.7
2012_q5,1,0.6428571428571429,0.21428571428571427,0.07142857142857142,0.07142857142857142,A,C,D,microsoft/Phi-3-mini-4k-instruct,0.7
2012_q5,2,0.9333333333333333,0.06666666666666667,0.0,0.0,A,B,D,microsoft/Phi-3-mini-4k-instruct,0.7
2012_q5,3,0.7857142857142857,0.14285714285714285,0.0,0.07142857142857142,A,A,D,microsoft/Phi-3-mini-4k-instruct,0.7
2012_q6,0,0.6,0.26666666666666666,0.06666666666666667,0.06666666666666667,A,C,C,microsoft/Phi-3-mini-4k-instruct,0.7
2012_q6,1,0.6,0.3333333333333333,0.06666666666666667,0.0,A,B,C,microsoft/Phi-3-mini-4k-instruct,0.7
2012_q6,2,0.6666666666666666,0.3333333333333333,0.0,0.0,A,A,C,microsoft/Phi-3-mini-4k-instruct,0.7
2012_q6,3,0.6,0.26666666666666666,0.06666666666666667,0.06666666666666667,A,D,C,microsoft/Phi-3-mini-4k-instruct,0.7
2012_q9,0,0.6666666666666666,0.26666666666666666,0.0,0.06666666666666667,A,A,A,microsoft/Phi-3-mini-4k-instruct,0.7
2012_q9,1,0.6,0.3333333333333333,0.0,0.06666666666666667,A,D,A,microsoft/Phi-3-mini-4k-instruct,0.7
2012_q9,2,0.6666666666666666,0.26666666666666666,0.0,0.06666666666666667,A,C,A,microsoft/Phi-3-mini-4k-instruct,0.7
2012_q9,3,0.4666666666666667,0.4666666666666667,0.0,0.06666666666666667,B,B,A,microsoft/Phi-3-mini-4k-instruct,0.7
2012_q10,0,0.7857142857142857,0.0,0.0,0.21428571428571427,A,D,D,microsoft/Phi-3-mini-4k-instruct,0.7
2012_q10,1,0.7333333333333333,0.0,0.26666666666666666,0.0,A,C,D,microsoft/Phi-3-mini-4k-instruct,0.7
2012_q10,2,0.7333333333333333,0.26666666666666666,0.0,0.0,A,B,D,microsoft/Phi-3-mini-4k-instruct,0.7
2012_q10,3,0.9333333333333333,0.06666666666666667,0.0,0.0,A,A,D,microsoft/Phi-3-mini-4k-instruct,0.7
2012_q11,0,0.6666666666666666,0.26666666666666666,0.06666666666666667,0.0,A,A,A,microsoft/Phi-3-mini-4k-instruct,0.7
2012_q11,1,0.5333333333333333,0.06666666666666667,0.26666666666666666,0.13333333333333333,A,D,A,microsoft/Phi-3-mini-4k-instruct,0.7
2012_q11,2,0.4,0.2,0.4,0.0,A,C,A,microsoft/Phi-3-mini-4k-instruct,0.7
2012_q11,3,0.6666666666666666,0.2,0.13333333333333333,0.0,A,B,A,microsoft/Phi-3-mini-4k-instruct,0.7
2012_q12,0,0.6666666666666666,0.06666666666666667,0.06666666666666667,0.2,A,D,D,microsoft/Phi-3-mini-4k-instruct,0.7
2012_q12,1,0.6428571428571429,0.14285714285714285,0.21428571428571427,0.0,A,C,D,microsoft/Phi-3-mini-4k-instruct,0.7
2012_q12,2,0.7333333333333333,0.26666666666666666,0.0,0.0,A,B,D,microsoft/Phi-3-mini-4k-instruct,0.7
2012_q12,3,0.8666666666666667,0.13333333333333333,0.0,0.0,A,A,D,microsoft/Phi-3-mini-4k-instruct,0.7
2012_q14,0,0.3333333333333333,0.06666666666666667,0.13333333333333333,0.4666666666666667,D,D,D,microsoft/Phi-3-mini-4k-instruct,0.7
2012_q14,1,0.2,0.06666666666666667,0.4,0.3333333333333333,C,C,D,microsoft/Phi-3-mini-4k-instruct,0.7
2012_q14,2,0.5333333333333333,0.2,0.0,0.26666666666666666,A,B,D,microsoft/Phi-3-mini-4k-instruct,0.7
2012_q14,3,0.5,0.14285714285714285,0.14285714285714285,0.21428571428571427,A,A,D,microsoft/Phi-3-mini-4k-instruct,0.7
2012_q15,0,0.6,0.0,0.06666666666666667,0.3333333333333333,A,D,D,microsoft/Phi-3-mini-4k-instruct,0.7
2012_q15,1,0.5333333333333333,0.0,0.4666666666666667,0.0,A,C,D,microsoft/Phi-3-mini-4k-instruct,0.7
2012_q15,2,0.7333333333333333,0.26666666666666666,0.0,0.0,A,B,D,microsoft/Phi-3-mini-4k-instruct,0.7
2012_q15,3,1.0,0.0,0.0,0.0,A,A,D,microsoft/Phi-3-mini-4k-instruct,0.7
2012_q16,0,0.7333333333333333,0.13333333333333333,0.0,0.13333333333333333,A,C,C,microsoft/Phi-3-mini-4k-instruct,0.7
2012_q16,1,0.3333333333333333,0.06666666666666667,0.0,0.6,D,B,C,microsoft/Phi-3-mini-4k-instruct,0.7
2012_q16,2,0.26666666666666666,0.26666666666666666,0.4666666666666667,0.0,C,A,C,microsoft/Phi-3-mini-4k-instruct,0.7
2012_q16,3,0.3333333333333333,0.6666666666666666,0.0,0.0,B,D,C,microsoft/Phi-3-mini-4k-instruct,0.7
2012_q17,0,0.4666666666666667,0.06666666666666667,0.0,0.4666666666666667,A,D,D,microsoft/Phi-3-mini-4k-instruct,0.7
2012_q17,1,0.6666666666666666,0.0,0.2,0.13333333333333333,A,C,D,microsoft/Phi-3-mini-4k-instruct,0.7
2012_q17,2,0.6666666666666666,0.26666666666666666,0.0,0.06666666666666667,A,B,D,microsoft/Phi-3-mini-4k-instruct,0.7
2012_q17,3,1.0,0.0,0.0,0.0,A,A,D,microsoft/Phi-3-mini-4k-instruct,0.7
2012_q18,0,0.7333333333333333,0.13333333333333333,0.06666666666666667,0.06666666666666667,A,B,B,microsoft/Phi-3-mini-4k-instruct,0.7
2012_q18,1,0.6666666666666666,0.13333333333333333,0.2,0.0,A,A,B,microsoft/Phi-3-mini-4k-instruct,0.7
2012_q18,2,0.4,0.4666666666666667,0.13333333333333333,0.0,B,D,B,microsoft/Phi-3-mini-4k-instruct,0.7
2012_q18,3,0.6,0.26666666666666666,0.06666666666666667,0.06666666666666667,A,C,B,microsoft/Phi-3-mini-4k-instruct,0.7
2012_q19,0,0.6,0.13333333333333333,0.26666666666666666,0.0,A,C,C,microsoft/Phi-3-mini-4k-instruct,0.7
2012_q19,1,0.6,0.2,0.2,0.0,A,B,C,microsoft/Phi-3-mini-4k-instruct,0.7
2012_q19,2,0.8,0.13333333333333333,0.06666666666666667,0.0,A,A,C,microsoft/Phi-3-mini-4k-instruct,0.7
2012_q19,3,0.7333333333333333,0.2,0.0,0.06666666666666667,A,D,C,microsoft/Phi-3-mini-4k-instruct,0.7
2012_q20,0,0.8571428571428571,0.14285714285714285,0.0,0.0,A,A,A,microsoft/Phi-3-mini-4k-instruct,0.7
2012_q20,1,0.9230769230769231,0.07692307692307693,0.0,0.0,A,D,A,microsoft/Phi-3-mini-4k-instruct,0.7
2012_q20,2,0.6153846153846154,0.15384615384615385,0.23076923076923078,0.0,A,C,A,microsoft/Phi-3-mini-4k-instruct,0.7
2012_q20,3,0.7142857142857143,0.2857142857142857,0.0,0.0,A,B,A,microsoft/Phi-3-mini-4k-instruct,0.7
2012_q21,0,0.8,0.2,0.0,0.0,A,B,B,microsoft/Phi-3-mini-4k-instruct,0.7
2012_q21,1,0.6666666666666666,0.06666666666666667,0.06666666666666667,0.2,A,A,B,microsoft/Phi-3-mini-4k-instruct,0.7
2012_q21,2,0.6,0.0,0.2,0.2,A,D,B,microsoft/Phi-3-mini-4k-instruct,0.7
2012_q21,3,0.5714285714285714,0.21428571428571427,0.21428571428571427,0.0,A,C,B,microsoft/Phi-3-mini-4k-instruct,0.7
2012_q22,0,0.5384615384615384,0.07692307692307693,0.0,0.38461538461538464,A,C,C,microsoft/Phi-3-mini-4k-instruct,0.7
2012_q22,1,0.5714285714285714,0.14285714285714285,0.2857142857142857,0.0,A,B,C,microsoft/Phi-3-mini-4k-instruct,0.7
2012_q22,2,0.4666666666666667,0.5333333333333333,0.0,0.0,B,A,C,microsoft/Phi-3-mini-4k-instruct,0.7
2012_q22,3,0.9230769230769231,0.0,0.0,0.07692307692307693,A,D,C,microsoft/Phi-3-mini-4k-instruct,0.7
2012_q23,0,0.5714285714285714,0.35714285714285715,0.0,0.07142857142857142,A,B,B,microsoft/Phi-3-mini-4k-instruct,0.7
2012_q23,1,0.8666666666666667,0.0,0.06666666666666667,0.06666666666666667,A,A,B,microsoft/Phi-3-mini-4k-instruct,0.7
2012_q23,2,0.7333333333333333,0.13333333333333333,0.0,0.13333333333333333,A,D,B,microsoft/Phi-3-mini-4k-instruct,0.7
2012_q23,3,1.0,0.0,0.0,0.0,A,C,B,microsoft/Phi-3-mini-4k-instruct,0.7
2012_q24,0,0.6666666666666666,0.3333333333333333,0.0,0.0,A,B,B,microsoft/Phi-3-mini-4k-instruct,0.7
2012_q24,1,0.8666666666666667,0.13333333333333333,0.0,0.0,A,A,B,microsoft/Phi-3-mini-4k-instruct,0.7
2012_q24,2,0.7692307692307693,0.0,0.0,0.23076923076923078,A,D,B,microsoft/Phi-3-mini-4k-instruct,0.7
2012_q24,3,0.5714285714285714,0.0,0.42857142857142855,0.0,A,C,B,microsoft/Phi-3-mini-4k-instruct,0.7
2012_q25,0,0.9333333333333333,0.06666666666666667,0.0,0.0,A,B,B,microsoft/Phi-3-mini-4k-instruct,0.7
2012_q25,1,0.9333333333333333,0.06666666666666667,0.0,0.0,A,A,B,microsoft/Phi-3-mini-4k-instruct,0.7
2012_q25,2,0.9333333333333333,0.06666666666666667,0.0,0.0,A,D,B,microsoft/Phi-3-mini-4k-instruct,0.7
2012_q25,3,0.9285714285714286,0.07142857142857142,0.0,0.0,A,C,B,microsoft/Phi-3-mini-4k-instruct,0.7
2012_q26,0,0.4,0.2,0.3333333333333333,0.06666666666666667,A,C,C,microsoft/Phi-3-mini-4k-instruct,0.7
2012_q26,1,0.3333333333333333,0.6,0.06666666666666667,0.0,B,B,C,microsoft/Phi-3-mini-4k-instruct,0.7
2012_q26,2,0.6,0.26666666666666666,0.06666666666666667,0.06666666666666667,A,A,C,microsoft/Phi-3-mini-4k-instruct,0.7
2012_q26,3,0.4,0.3333333333333333,0.06666666666666667,0.2,A,D,C,microsoft/Phi-3-mini-4k-instruct,0.7
2012_q27,0,0.6666666666666666,0.26666666666666666,0.0,0.06666666666666667,A,A,A,microsoft/Phi-3-mini-4k-instruct,0.7
2012_q27,1,0.6666666666666666,0.2,0.0,0.13333333333333333,A,D,A,microsoft/Phi-3-mini-4k-instruct,0.7
2012_q27,2,0.6666666666666666,0.2,0.13333333333333333,0.0,A,C,A,microsoft/Phi-3-mini-4k-instruct,0.7
2012_q27,3,0.6666666666666666,0.26666666666666666,0.06666666666666667,0.0,A,B,A,microsoft/Phi-3-mini-4k-instruct,0.7
2012_q28,0,0.7333333333333333,0.13333333333333333,0.0,0.13333333333333333,A,B,B,microsoft/Phi-3-mini-4k-instruct,0.7
2012_q28,1,0.4666666666666667,0.13333333333333333,0.4,0.0,A,A,B,microsoft/Phi-3-mini-4k-instruct,0.7
2012_q28,2,0.6666666666666666,0.26666666666666666,0.06666666666666667,0.0,A,D,B,microsoft/Phi-3-mini-4k-instruct,0.7
2012_q28,3,0.7333333333333333,0.2,0.06666666666666667,0.0,A,C,B,microsoft/Phi-3-mini-4k-instruct,0.7
2012_q29,0,0.35714285714285715,0.35714285714285715,0.07142857142857142,0.21428571428571427,B,D,D,microsoft/Phi-3-mini-4k-instruct,0.7
2012_q29,1,0.26666666666666666,0.13333333333333333,0.6,0.0,C,C,D,microsoft/Phi-3-mini-4k-instruct,0.7
2012_q29,2,0.4,0.5333333333333333,0.06666666666666667,0.0,B,B,D,microsoft/Phi-3-mini-4k-instruct,0.7
2012_q29,3,0.5333333333333333,0.3333333333333333,0.13333333333333333,0.0,A,A,D,microsoft/Phi-3-mini-4k-instruct,0.7
2012_q33,0,0.4,0.26666666666666666,0.3333333333333333,0.0,A,C,C,microsoft/Phi-3-mini-4k-instruct,0.7
2012_q33,1,0.3333333333333333,0.6666666666666666,0.0,0.0,B,B,C,microsoft/Phi-3-mini-4k-instruct,0.7
2012_q33,2,0.8,0.06666666666666667,0.13333333333333333,0.0,A,A,C,microsoft/Phi-3-mini-4k-instruct,0.7
2012_q33,3,0.4666666666666667,0.06666666666666667,0.3333333333333333,0.13333333333333333,A,D,C,microsoft/Phi-3-mini-4k-instruct,0.7
2012_q36,0,0.8666666666666667,0.0,0.0,0.13333333333333333,A,A,A,microsoft/Phi-3-mini-4k-instruct,0.7
2012_q36,1,1.0,0.0,0.0,0.0,A,D,A,microsoft/Phi-3-mini-4k-instruct,0.7
2012_q36,2,0.8666666666666667,0.13333333333333333,0.0,0.0,A,C,A,microsoft/Phi-3-mini-4k-instruct,0.7
2012_q36,3,0.9333333333333333,0.0,0.06666666666666667,0.0,A,B,A,microsoft/Phi-3-mini-4k-instruct,0.7
2012_q37,0,0.7142857142857143,0.0,0.0,0.2857142857142857,A,D,D,microsoft/Phi-3-mini-4k-instruct,0.7
2012_q37,1,0.5,0.21428571428571427,0.21428571428571427,0.07142857142857142,A,C,D,microsoft/Phi-3-mini-4k-instruct,0.7
2012_q37,2,0.8571428571428571,0.14285714285714285,0.0,0.0,A,B,D,microsoft/Phi-3-mini-4k-instruct,0.7
2012_q37,3,0.8571428571428571,0.14285714285714285,0.0,0.0,A,A,D,microsoft/Phi-3-mini-4k-instruct,0.7
2012_q38,0,0.9333333333333333,0.0,0.06666666666666667,0.0,A,A,A,microsoft/Phi-3-mini-4k-instruct,0.7
2012_q38,1,0.7333333333333333,0.06666666666666667,0.0,0.2,A,D,A,microsoft/Phi-3-mini-4k-instruct,0.7
2012_q38,2,1.0,0.0,0.0,0.0,A,C,A,microsoft/Phi-3-mini-4k-instruct,0.7
2012_q38,3,0.9333333333333333,0.0,0.0,0.06666666666666667,A,B,A,microsoft/Phi-3-mini-4k-instruct,0.7
2012_q39,0,0.4666666666666667,0.4666666666666667,0.06666666666666667,0.0,A,B,B,microsoft/Phi-3-mini-4k-instruct,0.7
2012_q39,1,0.9333333333333333,0.0,0.06666666666666667,0.0,A,A,B,microsoft/Phi-3-mini-4k-instruct,0.7
2012_q39,2,0.5,0.0,0.0,0.5,D,D,B,microsoft/Phi-3-mini-4k-instruct,0.7
2012_q39,3,0.5333333333333333,0.06666666666666667,0.4,0.0,A,C,B,microsoft/Phi-3-mini-4k-instruct,0.7
2012_q40,0,0.9333333333333333,0.0,0.0,0.06666666666666667,A,A,A,microsoft/Phi-3-mini-4k-instruct,0.7
2012_q40,1,0.8,0.0,0.0,0.2,A,D,A,microsoft/Phi-3-mini-4k-instruct,0.7
2012_q40,2,0.5333333333333333,0.4,0.06666666666666667,0.0,A,C,A,microsoft/Phi-3-mini-4k-instruct,0.7
2012_q40,3,0.6666666666666666,0.3333333333333333,0.0,0.0,A,B,A,microsoft/Phi-3-mini-4k-instruct,0.7
2013_q1,0,0.5333333333333333,0.3333333333333333,0.06666666666666667,0.06666666666666667,A,B,B,microsoft/Phi-3-mini-4k-instruct,0.7
2013_q1,1,0.5333333333333333,0.3333333333333333,0.13333333333333333,0.0,A,A,B,microsoft/Phi-3-mini-4k-instruct,0.7
2013_q1,2,0.5333333333333333,0.26666666666666666,0.06666666666666667,0.13333333333333333,A,D,B,microsoft/Phi-3-mini-4k-instruct,0.7
2013_q1,3,0.6666666666666666,0.2,0.06666666666666667,0.06666666666666667,A,C,B,microsoft/Phi-3-mini-4k-instruct,0.7
2013_q2,0,0.7333333333333333,0.26666666666666666,0.0,0.0,A,B,B,microsoft/Phi-3-mini-4k-instruct,0.7
2013_q2,1,0.8,0.2,0.0,0.0,A,A,B,microsoft/Phi-3-mini-4k-instruct,0.7
2013_q2,2,0.7333333333333333,0.2,0.0,0.06666666666666667,A,D,B,microsoft/Phi-3-mini-4k-instruct,0.7
2013_q2,3,0.6,0.26666666666666666,0.13333333333333333,0.0,A,C,B,microsoft/Phi-3-mini-4k-instruct,0.7
2013_q3,0,0.8666666666666667,0.06666666666666667,0.0,0.06666666666666667,A,D,D,microsoft/Phi-3-mini-4k-instruct,0.7
2013_q3,1,0.8666666666666667,0.06666666666666667,0.06666666666666667,0.0,A,C,D,microsoft/Phi-3-mini-4k-instruct,0.7
2013_q3,2,0.8,0.2,0.0,0.0,A,B,D,microsoft/Phi-3-mini-4k-instruct,0.7
2013_q3,3,1.0,0.0,0.0,0.0,A,A,D,microsoft/Phi-3-mini-4k-instruct,0.7
2013_q4,0,0.7333333333333333,0.2,0.0,0.06666666666666667,A,A,A,microsoft/Phi-3-mini-4k-instruct,0.7
2013_q4,1,1.0,0.0,0.0,0.0,A,D,A,microsoft/Phi-3-mini-4k-instruct,0.7
2013_q4,2,0.6666666666666666,0.13333333333333333,0.06666666666666667,0.13333333333333333,A,C,A,microsoft/Phi-3-mini-4k-instruct,0.7
2013_q4,3,0.8,0.2,0.0,0.0,A,B,A,microsoft/Phi-3-mini-4k-instruct,0.7
2013_q5,0,0.8666666666666667,0.06666666666666667,0.06666666666666667,0.0,A,C,C,microsoft/Phi-3-mini-4k-instruct,0.7
2013_q5,1,0.8,0.2,0.0,0.0,A,B,C,microsoft/Phi-3-mini-4k-instruct,0.7
2013_q5,2,0.9333333333333333,0.0,0.06666666666666667,0.0,A,A,C,microsoft/Phi-3-mini-4k-instruct,0.7
2013_q5,3,0.8666666666666667,0.0,0.06666666666666667,0.06666666666666667,A,D,C,microsoft/Phi-3-mini-4k-instruct,0.7
2013_q6,0,0.9166666666666666,0.0,0.08333333333333333,0.0,A,D,D,microsoft/Phi-3-mini-4k-instruct,0.7
2013_q6,1,0.8461538461538461,0.07692307692307693,0.07692307692307693,0.0,A,C,D,microsoft/Phi-3-mini-4k-instruct,0.7
2013_q6,2,0.8333333333333334,0.16666666666666666,0.0,0.0,A,B,D,microsoft/Phi-3-mini-4k-instruct,0.7
2013_q6,3,0.9090909090909091,0.0,0.0,0.09090909090909091,A,A,D,microsoft/Phi-3-mini-4k-instruct,0.7
2013_q8,0,0.8666666666666667,0.0,0.13333333333333333,0.0,A,A,A,microsoft/Phi-3-mini-4k-instruct,0.7
2013_q8,1,0.3,0.0,0.1,0.6,D,D,A,microsoft/Phi-3-mini-4k-instruct,0.7
2013_q8,2,0.08333333333333333,0.0,0.8333333333333334,0.08333333333333333,C,C,A,microsoft/Phi-3-mini-4k-instruct,0.7
2013_q8,3,0.2,0.7333333333333333,0.06666666666666667,0.0,B,B,A,microsoft/Phi-3-mini-4k-instruct,0.7
2013_q9,0,0.7333333333333333,0.2,0.06666666666666667,0.0,A,C,C,microsoft/Phi-3-mini-4k-instruct,0.7
2013_q9,1,0.8,0.13333333333333333,0.06666666666666667,0.0,A,B,C,microsoft/Phi-3-mini-4k-instruct,0.7
2013_q9,2,0.6666666666666666,0.26666666666666666,0.06666666666666667,0.0,A,A,C,microsoft/Phi-3-mini-4k-instruct,0.7
2013_q9,3,0.8,0.13333333333333333,0.06666666666666667,0.0,A,D,C,microsoft/Phi-3-mini-4k-instruct,0.7
2013_q11,0,0.2857142857142857,0.6428571428571429,0.0,0.07142857142857142,B,A,A,microsoft/Phi-3-mini-4k-instruct,0.7
2013_q11,1,0.5,0.1,0.2,0.2,A,D,A,microsoft/Phi-3-mini-4k-instruct,0.7
2013_q11,2,0.09090909090909091,0.36363636363636365,0.09090909090909091,0.45454545454545453,D,C,A,microsoft/Phi-3-mini-4k-instruct,0.7
2013_q11,3,0.15384615384615385,0.3076923076923077,0.5384615384615384,0.0,C,B,A,microsoft/Phi-3-mini-4k-instruct,0.7
2013_q12,0,0.7333333333333333,0.13333333333333333,0.13333333333333333,0.0,A,C,C,microsoft/Phi-3-mini-4k-instruct,0.7
2013_q12,1,0.6,0.26666666666666666,0.13333333333333333,0.0,A,B,C,microsoft/Phi-3-mini-4k-instruct,0.7
2013_q12,2,0.7333333333333333,0.26666666666666666,0.0,0.0,A,A,C,microsoft/Phi-3-mini-4k-instruct,0.7
2013_q12,3,0.8,0.06666666666666667,0.13333333333333333,0.0,A,D,C,microsoft/Phi-3-mini-4k-instruct,0.7
2013_q13,0,0.7333333333333333,0.26666666666666666,0.0,0.0,A,A,A,microsoft/Phi-3-mini-4k-instruct,0.7
2013_q13,1,0.9333333333333333,0.0,0.0,0.06666666666666667,A,D,A,microsoft/Phi-3-mini-4k-instruct,0.7
2013_q13,2,0.6666666666666666,0.06666666666666667,0.06666666666666667,0.2,A,C,A,microsoft/Phi-3-mini-4k-instruct,0.7
2013_q13,3,0.4,0.26666666666666666,0.2,0.13333333333333333,A,B,A,microsoft/Phi-3-mini-4k-instruct,0.7
2013_q15,0,0.8666666666666667,0.06666666666666667,0.06666666666666667,0.0,A,B,B,microsoft/Phi-3-mini-4k-instruct,0.7
2013_q15,1,0.9333333333333333,0.06666666666666667,0.0,0.0,A,A,B,microsoft/Phi-3-mini-4k-instruct,0.7
2013_q15,2,0.9333333333333333,0.06666666666666667,0.0,0.0,A,D,B,microsoft/Phi-3-mini-4k-instruct,0.7
2013_q15,3,0.8,0.06666666666666667,0.06666666666666667,0.06666666666666667,A,C,B,microsoft/Phi-3-mini-4k-instruct,0.7
2013_q16,0,0.8,0.0,0.06666666666666667,0.13333333333333333,A,A,A,microsoft/Phi-3-mini-4k-instruct,0.7
2013_q16,1,0.8,0.06666666666666667,0.06666666666666667,0.06666666666666667,A,D,A,microsoft/Phi-3-mini-4k-instruct,0.7
2013_q16,2,0.6,0.3333333333333333,0.06666666666666667,0.0,A,C,A,microsoft/Phi-3-mini-4k-instruct,0.7
2013_q16,3,0.6,0.4,0.0,0.0,A,B,A,microsoft/Phi-3-mini-4k-instruct,0.7
2013_q17,0,0.4,0.13333333333333333,0.3333333333333333,0.13333333333333333,A,C,C,microsoft/Phi-3-mini-4k-instruct,0.7
2013_q17,1,0.4666666666666667,0.13333333333333333,0.4,0.0,A,B,C,microsoft/Phi-3-mini-4k-instruct,0.7
2013_q17,2,0.4666666666666667,0.26666666666666666,0.2,0.06666666666666667,A,A,C,microsoft/Phi-3-mini-4k-instruct,0.7
2013_q17,3,0.6,0.2,0.2,0.0,A,D,C,microsoft/Phi-3-mini-4k-instruct,0.7
2013_q18,0,0.4666666666666667,0.4,0.13333333333333333,0.0,A,D,D,microsoft/Phi-3-mini-4k-instruct,0.7
2013_q18,1,0.6,0.2,0.2,0.0,A,C,D,microsoft/Phi-3-mini-4k-instruct,0.7
2013_q18,2,0.4,0.3333333333333333,0.26666666666666666,0.0,A,B,D,microsoft/Phi-3-mini-4k-instruct,0.7
2013_q18,3,0.6,0.26666666666666666,0.13333333333333333,0.0,A,A,D,microsoft/Phi-3-mini-4k-instruct,0.7
2013_q19,0,0.7333333333333333,0.13333333333333333,0.0,0.13333333333333333,A,A,A,microsoft/Phi-3-mini-4k-instruct,0.7
2013_q19,1,0.6666666666666666,0.2,0.13333333333333333,0.0,A,D,A,microsoft/Phi-3-mini-4k-instruct,0.7
2013_q19,2,0.6666666666666666,0.3333333333333333,0.0,0.0,A,C,A,microsoft/Phi-3-mini-4k-instruct,0.7
2013_q19,3,0.7333333333333333,0.2,0.06666666666666667,0.0,A,B,A,microsoft/Phi-3-mini-4k-instruct,0.7
2013_q21,0,0.5333333333333333,0.4,0.0,0.06666666666666667,A,B,B,microsoft/Phi-3-mini-4k-instruct,0.7
2013_q21,1,0.6666666666666666,0.3333333333333333,0.0,0.0,A,A,B,microsoft/Phi-3-mini-4k-instruct,0.7
2013_q21,2,0.8,0.06666666666666667,0.06666666666666667,0.06666666666666667,A,D,B,microsoft/Phi-3-mini-4k-instruct,0.7
2013_q21,3,0.6,0.13333333333333333,0.2,0.06666666666666667,A,C,B,microsoft/Phi-3-mini-4k-instruct,0.7
2013_q22,0,0.6428571428571429,0.07142857142857142,0.2857142857142857,0.0,A,C,C,microsoft/Phi-3-mini-4k-instruct,0.7
2013_q22,1,0.6428571428571429,0.35714285714285715,0.0,0.0,A,B,C,microsoft/Phi-3-mini-4k-instruct,0.7
2013_q22,2,0.9230769230769231,0.0,0.0,0.07692307692307693,A,A,C,microsoft/Phi-3-mini-4k-instruct,0.7
2013_q22,3,0.38461538461538464,0.07692307692307693,0.0,0.5384615384615384,D,D,C,microsoft/Phi-3-mini-4k-instruct,0.7
2013_q23,0,1.0,0.0,0.0,0.0,A,A,A,microsoft/Phi-3-mini-4k-instruct,0.7
2013_q23,1,1.0,0.0,0.0,0.0,A,D,A,microsoft/Phi-3-mini-4k-instruct,0.7
2013_q23,2,0.8,0.0,0.13333333333333333,0.06666666666666667,A,C,A,microsoft/Phi-3-mini-4k-instruct,0.7
2013_q23,3,0.8,0.2,0.0,0.0,A,B,A,microsoft/Phi-3-mini-4k-instruct,0.7
2013_q24,0,0.6428571428571429,0.14285714285714285,0.14285714285714285,0.07142857142857142,A,D,D,microsoft/Phi-3-mini-4k-instruct,0.7
2013_q24,1,0.7333333333333333,0.2,0.06666666666666667,0.0,A,C,D,microsoft/Phi-3-mini-4k-instruct,0.7
2013_q24,2,0.4666666666666667,0.4,0.13333333333333333,0.0,A,B,D,microsoft/Phi-3-mini-4k-instruct,0.7
2013_q24,3,0.6,0.3333333333333333,0.06666666666666667,0.0,A,A,D,microsoft/Phi-3-mini-4k-instruct,0.7
2013_q26,0,0.3333333333333333,0.06666666666666667,0.6,0.0,C,C,C,microsoft/Phi-3-mini-4k-instruct,0.7
2013_q26,1,0.5333333333333333,0.26666666666666666,0.2,0.0,A,B,C,microsoft/Phi-3-mini-4k-instruct,0.7
2013_q26,2,0.6,0.13333333333333333,0.26666666666666666,0.0,A,A,C,microsoft/Phi-3-mini-4k-instruct,0.7
2013_q26,3,0.4666666666666667,0.13333333333333333,0.2,0.2,A,D,C,microsoft/Phi-3-mini-4k-instruct,0.7
2013_q27,0,0.6666666666666666,0.3333333333333333,0.0,0.0,A,D,D,microsoft/Phi-3-mini-4k-instruct,0.7
2013_q27,1,0.4666666666666667,0.3333333333333333,0.06666666666666667,0.13333333333333333,A,C,D,microsoft/Phi-3-mini-4k-instruct,0.7
2013_q27,2,0.6,0.26666666666666666,0.13333333333333333,0.0,A,B,D,microsoft/Phi-3-mini-4k-instruct,0.7
2013_q27,3,0.4,0.6,0.0,0.0,B,A,D,microsoft/Phi-3-mini-4k-instruct,0.7
2013_q29,0,0.8,0.0,0.2,0.0,A,A,A,microsoft/Phi-3-mini-4k-instruct,0.7
2013_q29,1,0.7142857142857143,0.14285714285714285,0.07142857142857142,0.07142857142857142,A,D,A,microsoft/Phi-3-mini-4k-instruct,0.7
2013_q29,2,0.7857142857142857,0.0,0.21428571428571427,0.0,A,C,A,microsoft/Phi-3-mini-4k-instruct,0.7
2013_q29,3,0.8571428571428571,0.0,0.07142857142857142,0.07142857142857142,A,B,A,microsoft/Phi-3-mini-4k-instruct,0.7
2013_q33,0,0.3333333333333333,0.13333333333333333,0.4666666666666667,0.06666666666666667,C,B,B,microsoft/Phi-3-mini-4k-instruct,0.7
2013_q33,1,0.5333333333333333,0.26666666666666666,0.2,0.0,A,A,B,microsoft/Phi-3-mini-4k-instruct,0.7
2013_q33,2,0.3333333333333333,0.4,0.2,0.06666666666666667,B,D,B,microsoft/Phi-3-mini-4k-instruct,0.7
2013_q33,3,0.4,0.4,0.2,0.0,B,C,B,microsoft/Phi-3-mini-4k-instruct,0.7
2013_q34,0,0.4,0.26666666666666666,0.3333333333333333,0.0,A,C,C,microsoft/Phi-3-mini-4k-instruct,0.7
2013_q34,1,0.4666666666666667,0.4666666666666667,0.06666666666666667,0.0,A,B,C,microsoft/Phi-3-mini-4k-instruct,0.7
2013_q34,2,0.8,0.13333333333333333,0.0,0.06666666666666667,A,A,C,microsoft/Phi-3-mini-4k-instruct,0.7
2013_q34,3,0.5333333333333333,0.2,0.06666666666666667,0.2,A,D,C,microsoft/Phi-3-mini-4k-instruct,0.7
2013_q37,0,0.26666666666666666,0.5333333333333333,0.06666666666666667,0.13333333333333333,B,A,A,microsoft/Phi-3-mini-4k-instruct,0.7
2013_q37,1,0.42857142857142855,0.42857142857142855,0.07142857142857142,0.07142857142857142,B,D,A,microsoft/Phi-3-mini-4k-instruct,0.7
2013_q37,2,0.2,0.5333333333333333,0.13333333333333333,0.13333333333333333,B,C,A,microsoft/Phi-3-mini-4k-instruct,0.7
2013_q37,3,0.26666666666666666,0.3333333333333333,0.3333333333333333,0.06666666666666667,C,B,A,microsoft/Phi-3-mini-4k-instruct,0.7
2013_q38,0,0.8,0.2,0.0,0.0,A,B,B,microsoft/Phi-3-mini-4k-instruct,0.7
2013_q38,1,0.9333333333333333,0.06666666666666667,0.0,0.0,A,A,B,microsoft/Phi-3-mini-4k-instruct,0.7
2013_q38,2,0.7333333333333333,0.13333333333333333,0.0,0.13333333333333333,A,D,B,microsoft/Phi-3-mini-4k-instruct,0.7
2013_q38,3,0.9333333333333333,0.06666666666666667,0.0,0.0,A,C,B,microsoft/Phi-3-mini-4k-instruct,0.7
2013_q39,0,0.9333333333333333,0.06666666666666667,0.0,0.0,A,A,A,microsoft/Phi-3-mini-4k-instruct,0.7
2013_q39,1,0.7333333333333333,0.2,0.0,0.06666666666666667,A,D,A,microsoft/Phi-3-mini-4k-instruct,0.7
2013_q39,2,0.9333333333333333,0.0,0.06666666666666667,0.0,A,C,A,microsoft/Phi-3-mini-4k-instruct,0.7
2013_q39,3,1.0,0.0,0.0,0.0,A,B,A,microsoft/Phi-3-mini-4k-instruct,0.7
2013_q40,0,0.7333333333333333,0.06666666666666667,0.0,0.2,A,D,D,microsoft/Phi-3-mini-4k-instruct,0.7
2013_q40,1,0.6,0.0,0.4,0.0,A,C,D,microsoft/Phi-3-mini-4k-instruct,0.7
2013_q40,2,0.6666666666666666,0.3333333333333333,0.0,0.0,A,B,D,microsoft/Phi-3-mini-4k-instruct,0.7
2013_q40,3,1.0,0.0,0.0,0.0,A,A,D,microsoft/Phi-3-mini-4k-instruct,0.7
2014_q1,0,0.7333333333333333,0.0,0.13333333333333333,0.13333333333333333,A,C,C,microsoft/Phi-3-mini-4k-instruct,0.7
2014_q1,1,0.7333333333333333,0.2,0.0,0.06666666666666667,A,B,C,microsoft/Phi-3-mini-4k-instruct,0.7
2014_q1,2,0.6666666666666666,0.26666666666666666,0.0,0.06666666666666667,A,A,C,microsoft/Phi-3-mini-4k-instruct,0.7
2014_q1,3,0.7333333333333333,0.06666666666666667,0.0,0.2,A,D,C,microsoft/Phi-3-mini-4k-instruct,0.7
2014_q2,0,0.9285714285714286,0.0,0.07142857142857142,0.0,A,C,C,microsoft/Phi-3-mini-4k-instruct,0.7
2014_q2,1,0.8,0.13333333333333333,0.06666666666666667,0.0,A,B,C,microsoft/Phi-3-mini-4k-instruct,0.7
2014_q2,2,0.9333333333333333,0.06666666666666667,0.0,0.0,A,A,C,microsoft/Phi-3-mini-4k-instruct,0.7
2014_q2,3,0.9285714285714286,0.0,0.07142857142857142,0.0,A,D,C,microsoft/Phi-3-mini-4k-instruct,0.7
2014_q3,0,0.07142857142857142,0.7857142857142857,0.0,0.14285714285714285,B,A,A,microsoft/Phi-3-mini-4k-instruct,0.7
2014_q3,1,0.3076923076923077,0.46153846153846156,0.23076923076923078,0.0,B,D,A,microsoft/Phi-3-mini-4k-instruct,0.7
2014_q3,2,0.35714285714285715,0.5714285714285714,0.07142857142857142,0.0,B,C,A,microsoft/Phi-3-mini-4k-instruct,0.7
2014_q3,3,0.38461538461538464,0.46153846153846156,0.15384615384615385,0.0,B,B,A,microsoft/Phi-3-mini-4k-instruct,0.7
2014_q4,0,0.6666666666666666,0.25,0.08333333333333333,0.0,A,B,B,microsoft/Phi-3-mini-4k-instruct,0.7
2014_q4,1,0.9,0.1,0.0,0.0,A,A,B,microsoft/Phi-3-mini-4k-instruct,0.7
2014_q4,2,1.0,0.0,0.0,0.0,A,D,B,microsoft/Phi-3-mini-4k-instruct,0.7
2014_q4,3,0.6666666666666666,0.2222222222222222,0.1111111111111111,0.0,A,C,B,microsoft/Phi-3-mini-4k-instruct,0.7
2014_q5,0,0.7333333333333333,0.26666666666666666,0.0,0.0,A,D,D,microsoft/Phi-3-mini-4k-instruct,0.7
2014_q5,1,0.7333333333333333,0.13333333333333333,0.13333333333333333,0.0,A,C,D,microsoft/Phi-3-mini-4k-instruct,0.7
2014_q5,2,0.7333333333333333,0.26666666666666666,0.0,0.0,A,B,D,microsoft/Phi-3-mini-4k-instruct,0.7
2014_q5,3,0.7333333333333333,0.2,0.0,0.06666666666666667,A,A,D,microsoft/Phi-3-mini-4k-instruct,0.7
2014_q8,0,0.6363636363636364,0.09090909090909091,0.2727272727272727,0.0,A,A,A,microsoft/Phi-3-mini-4k-instruct,0.7
2014_q8,1,0.5833333333333334,0.16666666666666666,0.0,0.25,A,D,A,microsoft/Phi-3-mini-4k-instruct,0.7
2014_q8,2,0.5,0.08333333333333333,0.0,0.4166666666666667,A,C,A,microsoft/Phi-3-mini-4k-instruct,0.7
2014_q8,3,0.5,0.16666666666666666,0.0,0.3333333333333333,A,B,A,microsoft/Phi-3-mini-4k-instruct,0.7
2014_q10,0,0.9333333333333333,0.0,0.0,0.06666666666666667,A,B,B,microsoft/Phi-3-mini-4k-instruct,0.7
2014_q10,1,0.9333333333333333,0.0,0.0,0.06666666666666667,A,A,B,microsoft/Phi-3-mini-4k-instruct,0.7
2014_q10,2,0.8666666666666667,0.06666666666666667,0.0,0.06666666666666667,A,D,B,microsoft/Phi-3-mini-4k-instruct,0.7
2014_q10,3,0.9285714285714286,0.0,0.0,0.07142857142857142,A,C,B,microsoft/Phi-3-mini-4k-instruct,0.7
2014_q11,0,0.8666666666666667,0.06666666666666667,0.06666666666666667,0.0,A,A,A,microsoft/Phi-3-mini-4k-instruct,0.7
2014_q11,1,0.9333333333333333,0.06666666666666667,0.0,0.0,A,D,A,microsoft/Phi-3-mini-4k-instruct,0.7
2014_q11,2,0.8666666666666667,0.13333333333333333,0.0,0.0,A,C,A,microsoft/Phi-3-mini-4k-instruct,0.7
2014_q11,3,0.8666666666666667,0.13333333333333333,0.0,0.0,A,B,A,microsoft/Phi-3-mini-4k-instruct,0.7
2014_q12,0,0.5333333333333333,0.06666666666666667,0.0,0.4,A,B,B,microsoft/Phi-3-mini-4k-instruct,0.7
2014_q12,1,0.6666666666666666,0.13333333333333333,0.2,0.0,A,A,B,microsoft/Phi-3-mini-4k-instruct,0.7
2014_q12,2,0.6666666666666666,0.3333333333333333,0.0,0.0,A,D,B,microsoft/Phi-3-mini-4k-instruct,0.7
2014_q12,3,0.9333333333333333,0.06666666666666667,0.0,0.0,A,C,B,microsoft/Phi-3-mini-4k-instruct,0.7
2014_q13,0,0.8571428571428571,0.0,0.0,0.14285714285714285,A,A,A,microsoft/Phi-3-mini-4k-instruct,0.7
2014_q13,1,0.7333333333333333,0.0,0.0,0.26666666666666666,A,D,A,microsoft/Phi-3-mini-4k-instruct,0.7
2014_q13,2,0.4666666666666667,0.13333333333333333,0.4,0.0,A,C,A,microsoft/Phi-3-mini-4k-instruct,0.7
2014_q13,3,0.4666666666666667,0.5333333333333333,0.0,0.0,B,B,A,microsoft/Phi-3-mini-4k-instruct,0.7
2014_q14,0,0.9230769230769231,0.07692307692307693,0.0,0.0,A,A,A,microsoft/Phi-3-mini-4k-instruct,0.7
2014_q14,1,0.6666666666666666,0.13333333333333333,0.06666666666666667,0.13333333333333333,A,D,A,microsoft/Phi-3-mini-4k-instruct,0.7
2014_q14,2,0.9285714285714286,0.0,0.07142857142857142,0.0,A,C,A,microsoft/Phi-3-mini-4k-instruct,0.7
2014_q14,3,0.6666666666666666,0.26666666666666666,0.06666666666666667,0.0,A,B,A,microsoft/Phi-3-mini-4k-instruct,0.7
2014_q15,0,0.5333333333333333,0.13333333333333333,0.2,0.13333333333333333,A,C,C,microsoft/Phi-3-mini-4k-instruct,0.7
2014_q15,1,0.3333333333333333,0.26666666666666666,0.3333333333333333,0.06666666666666667,A,B,C,microsoft/Phi-3-mini-4k-instruct,0.7
2014_q15,2,0.4,0.2,0.2,0.2,A,A,C,microsoft/Phi-3-mini-4k-instruct,0.7
2014_q15,3,0.6,0.13333333333333333,0.13333333333333333,0.13333333333333333,A,D,C,microsoft/Phi-3-mini-4k-instruct,0.7
2014_q16,0,0.9333333333333333,0.0,0.06666666666666667,0.0,A,A,A,microsoft/Phi-3-mini-4k-instruct,0.7
2014_q16,1,0.8,0.06666666666666667,0.0,0.13333333333333333,A,D,A,microsoft/Phi-3-mini-4k-instruct,0.7
2014_q16,2,0.7142857142857143,0.07142857142857142,0.21428571428571427,0.0,A,C,A,microsoft/Phi-3-mini-4k-instruct,0.7
2014_q16,3,0.5333333333333333,0.4,0.0,0.06666666666666667,A,B,A,microsoft/Phi-3-mini-4k-instruct,0.7
2014_q17,0,0.6666666666666666,0.13333333333333333,0.2,0.0,A,C,C,microsoft/Phi-3-mini-4k-instruct,0.7
2014_q17,1,0.5333333333333333,0.2,0.2,0.06666666666666667,A,B,C,microsoft/Phi-3-mini-4k-instruct,0.7
2014_q17,2,0.6,0.2,0.13333333333333333,0.06666666666666667,A,A,C,microsoft/Phi-3-mini-4k-instruct,0.7
2014_q17,3,0.6,0.13333333333333333,0.13333333333333333,0.13333333333333333,A,D,C,microsoft/Phi-3-mini-4k-instruct,0.7
2014_q18,0,0.6,0.3333333333333333,0.06666666666666667,0.0,A,D,D,microsoft/Phi-3-mini-4k-instruct,0.7
2014_q18,1,0.7333333333333333,0.13333333333333333,0.13333333333333333,0.0,A,C,D,microsoft/Phi-3-mini-4k-instruct,0.7
2014_q18,2,0.8,0.2,0.0,0.0,A,B,D,microsoft/Phi-3-mini-4k-instruct,0.7
2014_q18,3,0.7333333333333333,0.26666666666666666,0.0,0.0,A,A,D,microsoft/Phi-3-mini-4k-instruct,0.7
2014_q20,0,0.8666666666666667,0.0,0.13333333333333333,0.0,A,B,B,microsoft/Phi-3-mini-4k-instruct,0.7
2014_q20,1,0.9333333333333333,0.0,0.0,0.06666666666666667,A,A,B,microsoft/Phi-3-mini-4k-instruct,0.7
2014_q20,2,0.8666666666666667,0.06666666666666667,0.0,0.06666666666666667,A,D,B,microsoft/Phi-3-mini-4k-instruct,0.7
2014_q20,3,0.9333333333333333,0.06666666666666667,0.0,0.0,A,C,B,microsoft/Phi-3-mini-4k-instruct,0.7
2014_q21,0,0.26666666666666666,0.26666666666666666,0.26666666666666666,0.2,B,D,D,microsoft/Phi-3-mini-4k-instruct,0.7
2014_q21,1,0.4,0.2,0.13333333333333333,0.26666666666666666,A,C,D,microsoft/Phi-3-mini-4k-instruct,0.7
2014_q21,2,0.4,0.2,0.2,0.2,A,B,D,microsoft/Phi-3-mini-4k-instruct,0.7
2014_q21,3,0.3333333333333333,0.4,0.06666666666666667,0.2,B,A,D,microsoft/Phi-3-mini-4k-instruct,0.7
2014_q22,0,0.8666666666666667,0.06666666666666667,0.0,0.06666666666666667,A,D,D,microsoft/Phi-3-mini-4k-instruct,0.7
2014_q22,1,0.9333333333333333,0.0,0.06666666666666667,0.0,A,C,D,microsoft/Phi-3-mini-4k-instruct,0.7
2014_q22,2,0.9333333333333333,0.06666666666666667,0.0,0.0,A,B,D,microsoft/Phi-3-mini-4k-instruct,0.7
2014_q22,3,1.0,0.0,0.0,0.0,A,A,D,microsoft/Phi-3-mini-4k-instruct,0.7
2014_q23,0,0.7333333333333333,0.26666666666666666,0.0,0.0,A,B,B,microsoft/Phi-3-mini-4k-instruct,0.7
2014_q23,1,0.8666666666666667,0.06666666666666667,0.06666666666666667,0.0,A,A,B,microsoft/Phi-3-mini-4k-instruct,0.7
2014_q23,2,0.6,0.2,0.0,0.2,A,D,B,microsoft/Phi-3-mini-4k-instruct,0.7
2014_q23,3,0.7333333333333333,0.0,0.26666666666666666,0.0,A,C,B,microsoft/Phi-3-mini-4k-instruct,0.7
2014_q24,0,0.6428571428571429,0.2857142857142857,0.07142857142857142,0.0,A,B,B,microsoft/Phi-3-mini-4k-instruct,0.7
2014_q24,1,0.7142857142857143,0.2857142857142857,0.0,0.0,A,A,B,microsoft/Phi-3-mini-4k-instruct,0.7
2014_q24,2,0.5384615384615384,0.3076923076923077,0.0,0.15384615384615385,A,D,B,microsoft/Phi-3-mini-4k-instruct,0.7
2014_q24,3,0.46153846153846156,0.38461538461538464,0.07692307692307693,0.07692307692307693,A,C,B,microsoft/Phi-3-mini-4k-instruct,0.7
2014_q25,0,0.8,0.06666666666666667,0.06666666666666667,0.06666666666666667,A,D,D,microsoft/Phi-3-mini-4k-instruct,0.7
2014_q25,1,0.8666666666666667,0.06666666666666667,0.06666666666666667,0.0,A,C,D,microsoft/Phi-3-mini-4k-instruct,0.7
2014_q25,2,0.8666666666666667,0.13333333333333333,0.0,0.0,A,B,D,microsoft/Phi-3-mini-4k-instruct,0.7
2014_q25,3,0.8666666666666667,0.13333333333333333,0.0,0.0,A,A,D,microsoft/Phi-3-mini-4k-instruct,0.7
2014_q26,0,1.0,0.0,0.0,0.0,A,D,D,microsoft/Phi-3-mini-4k-instruct,0.7
2014_q26,1,1.0,0.0,0.0,0.0,A,C,D,microsoft/Phi-3-mini-4k-instruct,0.7
2014_q26,2,0.9333333333333333,0.06666666666666667,0.0,0.0,A,B,D,microsoft/Phi-3-mini-4k-instruct,0.7
2014_q26,3,1.0,0.0,0.0,0.0,A,A,D,microsoft/Phi-3-mini-4k-instruct,0.7
2014_q27,0,0.9333333333333333,0.06666666666666667,0.0,0.0,A,A,A,microsoft/Phi-3-mini-4k-instruct,0.7
2014_q27,1,0.3333333333333333,0.26666666666666666,0.0,0.4,D,D,A,microsoft/Phi-3-mini-4k-instruct,0.7
2014_q27,2,0.4,0.13333333333333333,0.4666666666666667,0.0,C,C,A,microsoft/Phi-3-mini-4k-instruct,0.7
2014_q27,3,0.26666666666666666,0.7333333333333333,0.0,0.0,B,B,A,microsoft/Phi-3-mini-4k-instruct,0.7
2014_q28,0,0.6,0.3333333333333333,0.06666666666666667,0.0,A,B,B,microsoft/Phi-3-mini-4k-instruct,0.7
2014_q28,1,0.6,0.26666666666666666,0.06666666666666667,0.06666666666666667,A,A,B,microsoft/Phi-3-mini-4k-instruct,0.7
2014_q28,2,0.8,0.2,0.0,0.0,A,D,B,microsoft/Phi-3-mini-4k-instruct,0.7
2014_q28,3,0.6666666666666666,0.3333333333333333,0.0,0.0,A,C,B,microsoft/Phi-3-mini-4k-instruct,0.7
2014_q29,0,0.7333333333333333,0.0,0.26666666666666666,0.0,A,C,C,microsoft/Phi-3-mini-4k-instruct,0.7
2014_q29,1,0.8,0.2,0.0,0.0,A,B,C,microsoft/Phi-3-mini-4k-instruct,0.7
2014_q29,2,0.8666666666666667,0.06666666666666667,0.0,0.06666666666666667,A,A,C,microsoft/Phi-3-mini-4k-instruct,0.7
2014_q29,3,0.7857142857142857,0.0,0.0,0.21428571428571427,A,D,C,microsoft/Phi-3-mini-4k-instruct,0.7
2014_q30,0,0.8,0.13333333333333333,0.06666666666666667,0.0,A,A,A,microsoft/Phi-3-mini-4k-instruct,0.7
2014_q30,1,0.5,0.14285714285714285,0.21428571428571427,0.14285714285714285,A,D,A,microsoft/Phi-3-mini-4k-instruct,0.7
2014_q30,2,0.6666666666666666,0.13333333333333333,0.13333333333333333,0.06666666666666667,A,C,A,microsoft/Phi-3-mini-4k-instruct,0.7
2014_q30,3,0.5333333333333333,0.3333333333333333,0.06666666666666667,0.06666666666666667,A,B,A,microsoft/Phi-3-mini-4k-instruct,0.7
2014_q34,0,0.5333333333333333,0.13333333333333333,0.0,0.3333333333333333,A,D,D,microsoft/Phi-3-mini-4k-instruct,0.7
2014_q34,1,0.6,0.0,0.3333333333333333,0.06666666666666667,A,C,D,microsoft/Phi-3-mini-4k-instruct,0.7
2014_q34,2,0.6666666666666666,0.3333333333333333,0.0,0.0,A,B,D,microsoft/Phi-3-mini-4k-instruct,0.7
2014_q34,3,1.0,0.0,0.0,0.0,A,A,D,microsoft/Phi-3-mini-4k-instruct,0.7
2014_q35,0,0.8666666666666667,0.0,0.13333333333333333,0.0,A,C,C,microsoft/Phi-3-mini-4k-instruct,0.7
2014_q35,1,1.0,0.0,0.0,0.0,A,B,C,microsoft/Phi-3-mini-4k-instruct,0.7
2014_q35,2,0.9333333333333333,0.06666666666666667,0.0,0.0,A,A,C,microsoft/Phi-3-mini-4k-instruct,0.7
2014_q35,3,0.8,0.0,0.0,0.2,A,D,C,microsoft/Phi-3-mini-4k-instruct,0.7
2014_q36,0,0.7333333333333333,0.26666666666666666,0.0,0.0,A,B,B,microsoft/Phi-3-mini-4k-instruct,0.7
2014_q36,1,1.0,0.0,0.0,0.0,A,A,B,microsoft/Phi-3-mini-4k-instruct,0.7
2014_q36,2,0.6666666666666666,0.13333333333333333,0.0,0.2,A,D,B,microsoft/Phi-3-mini-4k-instruct,0.7
2014_q36,3,0.8666666666666667,0.0,0.13333333333333333,0.0,A,C,B,microsoft/Phi-3-mini-4k-instruct,0.7
2014_q37,0,0.6,0.0,0.4,0.0,A,C,C,microsoft/Phi-3-mini-4k-instruct,0.7
2014_q37,1,0.6,0.4,0.0,0.0,A,B,C,microsoft/Phi-3-mini-4k-instruct,0.7
2014_q37,2,0.9333333333333333,0.06666666666666667,0.0,0.0,A,A,C,microsoft/Phi-3-mini-4k-instruct,0.7
2014_q37,3,0.5333333333333333,0.0,0.06666666666666667,0.4,A,D,C,microsoft/Phi-3-mini-4k-instruct,0.7
2014_q38,0,1.0,0.0,0.0,0.0,A,A,A,microsoft/Phi-3-mini-4k-instruct,0.7
2014_q38,1,0.4666666666666667,0.13333333333333333,0.0,0.4,A,D,A,microsoft/Phi-3-mini-4k-instruct,0.7
2014_q38,2,0.3333333333333333,0.06666666666666667,0.6,0.0,C,C,A,microsoft/Phi-3-mini-4k-instruct,0.7
2014_q38,3,0.3333333333333333,0.6666666666666666,0.0,0.0,B,B,A,microsoft/Phi-3-mini-4k-instruct,0.7
2014_q39,0,0.3333333333333333,0.0,0.6666666666666666,0.0,C,C,C,microsoft/Phi-3-mini-4k-instruct,0.7
2014_q39,1,0.5333333333333333,0.4666666666666667,0.0,0.0,A,B,C,microsoft/Phi-3-mini-4k-instruct,0.7
2014_q39,2,1.0,0.0,0.0,0.0,A,A,C,microsoft/Phi-3-mini-4k-instruct,0.7
2014_q39,3,0.5333333333333333,0.0,0.0,0.4666666666666667,A,D,C,microsoft/Phi-3-mini-4k-instruct,0.7
2014_q40,0,0.8,0.2,0.0,0.0,A,B,B,microsoft/Phi-3-mini-4k-instruct,0.7
2014_q40,1,0.6,0.3333333333333333,0.06666666666666667,0.0,A,A,B,microsoft/Phi-3-mini-4k-instruct,0.7
2014_q40,2,0.9333333333333333,0.06666666666666667,0.0,0.0,A,D,B,microsoft/Phi-3-mini-4k-instruct,0.7
2014_q40,3,0.8,0.2,0.0,0.0,A,C,B,microsoft/Phi-3-mini-4k-instruct,0.7
2015_q1,0,0.8333333333333334,0.0,0.16666666666666666,0.0,A,C,C,microsoft/Phi-3-mini-4k-instruct,0.7
2015_q1,1,0.8461538461538461,0.07692307692307693,0.07692307692307693,0.0,A,B,C,microsoft/Phi-3-mini-4k-instruct,0.7
2015_q1,2,0.8461538461538461,0.0,0.15384615384615385,0.0,A,A,C,microsoft/Phi-3-mini-4k-instruct,0.7
2015_q1,3,0.7857142857142857,0.07142857142857142,0.14285714285714285,0.0,A,D,C,microsoft/Phi-3-mini-4k-instruct,0.7
2015_q2,0,0.5714285714285714,0.2857142857142857,0.14285714285714285,0.0,A,B,B,microsoft/Phi-3-mini-4k-instruct,0.7
2015_q2,1,0.875,0.125,0.0,0.0,A,A,B,microsoft/Phi-3-mini-4k-instruct,0.7
2015_q2,2,0.625,0.125,0.25,0.0,A,D,B,microsoft/Phi-3-mini-4k-instruct,0.7
2015_q2,3,0.75,0.125,0.125,0.0,A,C,B,microsoft/Phi-3-mini-4k-instruct,0.7
2015_q3,0,0.3333333333333333,0.2,0.3333333333333333,0.13333333333333333,C,C,C,microsoft/Phi-3-mini-4k-instruct,0.7
2015_q3,1,0.5333333333333333,0.13333333333333333,0.26666666666666666,0.06666666666666667,A,B,C,microsoft/Phi-3-mini-4k-instruct,0.7
2015_q3,2,0.5333333333333333,0.2,0.2,0.06666666666666667,A,A,C,microsoft/Phi-3-mini-4k-instruct,0.7
2015_q3,3,0.5333333333333333,0.26666666666666666,0.06666666666666667,0.13333333333333333,A,D,C,microsoft/Phi-3-mini-4k-instruct,0.7
2015_q4,0,0.6923076923076923,0.3076923076923077,0.0,0.0,A,B,B,microsoft/Phi-3-mini-4k-instruct,0.7
2015_q4,1,0.9285714285714286,0.0,0.0,0.07142857142857142,A,A,B,microsoft/Phi-3-mini-4k-instruct,0.7
2015_q4,2,0.6666666666666666,0.08333333333333333,0.0,0.25,A,D,B,microsoft/Phi-3-mini-4k-instruct,0.7
2015_q4,3,0.7692307692307693,0.0,0.15384615384615385,0.07692307692307693,A,C,B,microsoft/Phi-3-mini-4k-instruct,0.7
2015_q5,0,0.9230769230769231,0.07692307692307693,0.0,0.0,A,B,B,microsoft/Phi-3-mini-4k-instruct,0.7
2015_q5,1,1.0,0.0,0.0,0.0,A,A,B,microsoft/Phi-3-mini-4k-instruct,0.7
2015_q5,2,0.9285714285714286,0.07142857142857142,0.0,0.0,A,D,B,microsoft/Phi-3-mini-4k-instruct,0.7
2015_q5,3,1.0,0.0,0.0,0.0,A,C,B,microsoft/Phi-3-mini-4k-instruct,0.7
2015_q6,0,0.9333333333333333,0.0,0.0,0.06666666666666667,A,D,D,microsoft/Phi-3-mini-4k-instruct,0.7
2015_q6,1,0.9333333333333333,0.0,0.0,0.06666666666666667,A,C,D,microsoft/Phi-3-mini-4k-instruct,0.7
2015_q6,2,0.9333333333333333,0.0,0.0,0.06666666666666667,A,B,D,microsoft/Phi-3-mini-4k-instruct,0.7
2015_q6,3,1.0,0.0,0.0,0.0,A,A,D,microsoft/Phi-3-mini-4k-instruct,0.7
2015_q7,0,1.0,0.0,0.0,0.0,A,A,A,microsoft/Phi-3-mini-4k-instruct,0.7
2015_q7,1,0.6666666666666666,0.0,0.0,0.3333333333333333,A,D,A,microsoft/Phi-3-mini-4k-instruct,0.7
2015_q7,2,0.6,0.06666666666666667,0.3333333333333333,0.0,A,C,A,microsoft/Phi-3-mini-4k-instruct,0.7
2015_q7,3,0.8,0.2,0.0,0.0,A,B,A,microsoft/Phi-3-mini-4k-instruct,0.7
2015_q9,0,0.26666666666666666,0.4666666666666667,0.13333333333333333,0.13333333333333333,B,B,B,microsoft/Phi-3-mini-4k-instruct,0.7
2015_q9,1,0.4666666666666667,0.26666666666666666,0.0,0.26666666666666666,A,A,B,microsoft/Phi-3-mini-4k-instruct,0.7
2015_q9,2,0.4666666666666667,0.3333333333333333,0.0,0.2,A,D,B,microsoft/Phi-3-mini-4k-instruct,0.7
2015_q9,3,0.4,0.3333333333333333,0.13333333333333333,0.13333333333333333,A,C,B,microsoft/Phi-3-mini-4k-instruct,0.7
2015_q11,0,0.8666666666666667,0.0,0.06666666666666667,0.06666666666666667,A,D,D,microsoft/Phi-3-mini-4k-instruct,0.7
2015_q11,1,0.9333333333333333,0.0,0.06666666666666667,0.0,A,C,D,microsoft/Phi-3-mini-4k-instruct,0.7
2015_q11,2,0.9333333333333333,0.0,0.06666666666666667,0.0,A,B,D,microsoft/Phi-3-mini-4k-instruct,0.7
2015_q11,3,1.0,0.0,0.0,0.0,A,A,D,microsoft/Phi-3-mini-4k-instruct,0.7
2015_q12,0,0.9285714285714286,0.0,0.0,0.07142857142857142,A,D,D,microsoft/Phi-3-mini-4k-instruct,0.7
2015_q12,1,0.7333333333333333,0.06666666666666667,0.13333333333333333,0.06666666666666667,A,C,D,microsoft/Phi-3-mini-4k-instruct,0.7
2015_q12,2,0.7333333333333333,0.26666666666666666,0.0,0.0,A,B,D,microsoft/Phi-3-mini-4k-instruct,0.7
2015_q12,3,1.0,0.0,0.0,0.0,A,A,D,microsoft/Phi-3-mini-4k-instruct,0.7
2015_q13,0,0.4,0.4666666666666667,0.13333333333333333,0.0,B,D,D,microsoft/Phi-3-mini-4k-instruct,0.7
2015_q13,1,0.6666666666666666,0.3333333333333333,0.0,0.0,A,C,D,microsoft/Phi-3-mini-4k-instruct,0.7
2015_q13,2,0.7333333333333333,0.2,0.06666666666666667,0.0,A,B,D,microsoft/Phi-3-mini-4k-instruct,0.7
2015_q13,3,0.6666666666666666,0.26666666666666666,0.06666666666666667,0.0,A,A,D,microsoft/Phi-3-mini-4k-instruct,0.7
2015_q15,0,1.0,0.0,0.0,0.0,A,C,C,microsoft/Phi-3-mini-4k-instruct,0.7
2015_q15,1,1.0,0.0,0.0,0.0,A,B,C,microsoft/Phi-3-mini-4k-instruct,0.7
2015_q15,2,1.0,0.0,0.0,0.0,A,A,C,microsoft/Phi-3-mini-4k-instruct,0.7
2015_q15,3,1.0,0.0,0.0,0.0,A,D,C,microsoft/Phi-3-mini-4k-instruct,0.7
2015_q16,0,1.0,0.0,0.0,0.0,A,A,A,microsoft/Phi-3-mini-4k-instruct,0.7
2015_q16,1,0.5333333333333333,0.06666666666666667,0.0,0.4,A,D,A,microsoft/Phi-3-mini-4k-instruct,0.7
2015_q16,2,0.5333333333333333,0.06666666666666667,0.4,0.0,A,C,A,microsoft/Phi-3-mini-4k-instruct,0.7
2015_q16,3,0.6666666666666666,0.3333333333333333,0.0,0.0,A,B,A,microsoft/Phi-3-mini-4k-instruct,0.7
2015_q17,0,0.8,0.06666666666666667,0.06666666666666667,0.06666666666666667,A,A,A,microsoft/Phi-3-mini-4k-instruct,0.7
2015_q17,1,0.6666666666666666,0.0,0.06666666666666667,0.26666666666666666,A,D,A,microsoft/Phi-3-mini-4k-instruct,0.7
2015_q17,2,0.6,0.0,0.3333333333333333,0.06666666666666667,A,C,A,microsoft/Phi-3-mini-4k-instruct,0.7
2015_q17,3,0.5333333333333333,0.3333333333333333,0.06666666666666667,0.06666666666666667,A,B,A,microsoft/Phi-3-mini-4k-instruct,0.7
2015_q19,0,0.7333333333333333,0.13333333333333333,0.06666666666666667,0.06666666666666667,A,C,C,microsoft/Phi-3-mini-4k-instruct,0.7
2015_q19,1,0.8,0.13333333333333333,0.0,0.06666666666666667,A,B,C,microsoft/Phi-3-mini-4k-instruct,0.7
2015_q19,2,0.8666666666666667,0.06666666666666667,0.06666666666666667,0.0,A,A,C,microsoft/Phi-3-mini-4k-instruct,0.7
2015_q19,3,0.6666666666666666,0.13333333333333333,0.13333333333333333,0.06666666666666667,A,D,C,microsoft/Phi-3-mini-4k-instruct,0.7
2015_q20,0,1.0,0.0,0.0,0.0,A,B,B,microsoft/Phi-3-mini-4k-instruct,0.7
2015_q20,1,1.0,0.0,0.0,0.0,A,A,B,microsoft/Phi-3-mini-4k-instruct,0.7
2015_q20,2,1.0,0.0,0.0,0.0,A,D,B,microsoft/Phi-3-mini-4k-instruct,0.7
2015_q20,3,0.9333333333333333,0.0,0.0,0.06666666666666667,A,C,B,microsoft/Phi-3-mini-4k-instruct,0.7
2015_q21,0,1.0,0.0,0.0,0.0,A,A,A,microsoft/Phi-3-mini-4k-instruct,0.7
2015_q21,1,0.9333333333333333,0.0,0.0,0.06666666666666667,A,D,A,microsoft/Phi-3-mini-4k-instruct,0.7
2015_q21,2,1.0,0.0,0.0,0.0,A,C,A,microsoft/Phi-3-mini-4k-instruct,0.7
2015_q21,3,1.0,0.0,0.0,0.0,A,B,A,microsoft/Phi-3-mini-4k-instruct,0.7
2015_q23,0,0.6428571428571429,0.35714285714285715,0.0,0.0,A,B,B,microsoft/Phi-3-mini-4k-instruct,0.7
2015_q23,1,0.42857142857142855,0.42857142857142855,0.14285714285714285,0.0,A,A,B,microsoft/Phi-3-mini-4k-instruct,0.7
2015_q23,2,0.5,0.42857142857142855,0.0,0.07142857142857142,A,D,B,microsoft/Phi-3-mini-4k-instruct,0.7
2015_q23,3,0.5,0.21428571428571427,0.2857142857142857,0.0,A,C,B,microsoft/Phi-3-mini-4k-instruct,0.7
2015_q24,0,0.8,0.0,0.13333333333333333,0.06666666666666667,A,D,D,microsoft/Phi-3-mini-4k-instruct,0.7
2015_q24,1,0.8666666666666667,0.0,0.13333333333333333,0.0,A,C,D,microsoft/Phi-3-mini-4k-instruct,0.7
2015_q24,2,0.8,0.13333333333333333,0.06666666666666667,0.0,A,B,D,microsoft/Phi-3-mini-4k-instruct,0.7
2015_q24,3,0.8,0.13333333333333333,0.06666666666666667,0.0,A,A,D,microsoft/Phi-3-mini-4k-instruct,0.7
2015_q26,0,0.9333333333333333,0.06666666666666667,0.0,0.0,A,B,B,microsoft/Phi-3-mini-4k-instruct,0.7
2015_q26,1,0.7857142857142857,0.07142857142857142,0.14285714285714285,0.0,A,A,B,microsoft/Phi-3-mini-4k-instruct,0.7
2015_q26,2,0.7692307692307693,0.07692307692307693,0.07692307692307693,0.07692307692307693,A,D,B,microsoft/Phi-3-mini-4k-instruct,0.7
2015_q26,3,0.8461538461538461,0.0,0.15384615384615385,0.0,A,C,B,microsoft/Phi-3-mini-4k-instruct,0.7
2015_q27,0,0.7333333333333333,0.26666666666666666,0.0,0.0,A,A,A,microsoft/Phi-3-mini-4k-instruct,0.7
2015_q27,1,0.8461538461538461,0.07692307692307693,0.07692307692307693,0.0,A,D,A,microsoft/Phi-3-mini-4k-instruct,0.7
2015_q27,2,0.7857142857142857,0.07142857142857142,0.14285714285714285,0.0,A,C,A,microsoft/Phi-3-mini-4k-instruct,0.7
2015_q27,3,0.8,0.2,0.0,0.0,A,B,A,microsoft/Phi-3-mini-4k-instruct,0.7
2015_q29,0,0.3333333333333333,0.6666666666666666,0.0,0.0,B,A,A,microsoft/Phi-3-mini-4k-instruct,0.7
2015_q29,1,0.3333333333333333,0.6,0.06666666666666667,0.0,B,D,A,microsoft/Phi-3-mini-4k-instruct,0.7
2015_q29,2,0.4,0.5333333333333333,0.0,0.06666666666666667,B,C,A,microsoft/Phi-3-mini-4k-instruct,0.7
2015_q29,3,0.25,0.3333333333333333,0.0,0.4166666666666667,D,B,A,microsoft/Phi-3-mini-4k-instruct,0.7
2015_q32,0,0.7333333333333333,0.0,0.26666666666666666,0.0,A,C,C,microsoft/Phi-3-mini-4k-instruct,0.7
2015_q32,1,0.7333333333333333,0.26666666666666666,0.0,0.0,A,B,C,microsoft/Phi-3-mini-4k-instruct,0.7
2015_q32,2,0.8666666666666667,0.06666666666666667,0.0,0.06666666666666667,A,A,C,microsoft/Phi-3-mini-4k-instruct,0.7
2015_q32,3,0.7333333333333333,0.0,0.06666666666666667,0.2,A,D,C,microsoft/Phi-3-mini-4k-instruct,0.7
2015_q33,0,1.0,0.0,0.0,0.0,A,A,A,microsoft/Phi-3-mini-4k-instruct,0.7
2015_q33,1,0.8666666666666667,0.06666666666666667,0.0,0.06666666666666667,A,D,A,microsoft/Phi-3-mini-4k-instruct,0.7
2015_q33,2,0.8666666666666667,0.0,0.13333333333333333,0.0,A,C,A,microsoft/Phi-3-mini-4k-instruct,0.7
2015_q33,3,0.8666666666666667,0.13333333333333333,0.0,0.0,A,B,A,microsoft/Phi-3-mini-4k-instruct,0.7
2015_q34,0,0.4,0.5333333333333333,0.06666666666666667,0.0,B,B,B,microsoft/Phi-3-mini-4k-instruct,0.7
2015_q34,1,0.5714285714285714,0.2857142857142857,0.14285714285714285,0.0,A,A,B,microsoft/Phi-3-mini-4k-instruct,0.7
2015_q34,2,0.5,0.2857142857142857,0.0,0.21428571428571427,A,D,B,microsoft/Phi-3-mini-4k-instruct,0.7
2015_q34,3,0.42857142857142855,0.14285714285714285,0.42857142857142855,0.0,A,C,B,microsoft/Phi-3-mini-4k-instruct,0.7
2015_q36,0,1.0,0.0,0.0,0.0,A,C,C,microsoft/Phi-3-mini-4k-instruct,0.7
2015_q36,1,0.9333333333333333,0.06666666666666667,0.0,0.0,A,B,C,microsoft/Phi-3-mini-4k-instruct,0.7
2015_q36,2,1.0,0.0,0.0,0.0,A,A,C,microsoft/Phi-3-mini-4k-instruct,0.7
2015_q36,3,1.0,0.0,0.0,0.0,A,D,C,microsoft/Phi-3-mini-4k-instruct,0.7
2015_q37,0,0.7692307692307693,0.23076923076923078,0.0,0.0,A,B,B,microsoft/Phi-3-mini-4k-instruct,0.7
2015_q37,1,0.75,0.25,0.0,0.0,A,A,B,microsoft/Phi-3-mini-4k-instruct,0.7
2015_q37,2,0.75,0.25,0.0,0.0,A,D,B,microsoft/Phi-3-mini-4k-instruct,0.7
2015_q37,3,0.75,0.0,0.25,0.0,A,C,B,microsoft/Phi-3-mini-4k-instruct,0.7
2015_q38,0,0.8,0.2,0.0,0.0,A,B,B,microsoft/Phi-3-mini-4k-instruct,0.7
2015_q38,1,1.0,0.0,0.0,0.0,A,A,B,microsoft/Phi-3-mini-4k-instruct,0.7
2015_q38,2,0.8,0.0,0.0,0.2,A,D,B,microsoft/Phi-3-mini-4k-instruct,0.7
2015_q38,3,0.8,0.0,0.2,0.0,A,C,B,microsoft/Phi-3-mini-4k-instruct,0.7
2015_q39,0,0.4,0.3333333333333333,0.06666666666666667,0.2,A,D,D,microsoft/Phi-3-mini-4k-instruct,0.7
2015_q39,1,0.5333333333333333,0.13333333333333333,0.3333333333333333,0.0,A,C,D,microsoft/Phi-3-mini-4k-instruct,0.7
2015_q39,2,0.4,0.4666666666666667,0.13333333333333333,0.0,B,B,D,microsoft/Phi-3-mini-4k-instruct,0.7
2015_q39,3,0.5333333333333333,0.4,0.06666666666666667,0.0,A,A,D,microsoft/Phi-3-mini-4k-instruct,0.7
2015_q40,0,0.26666666666666666,0.2,0.26666666666666666,0.26666666666666666,D,D,D,microsoft/Phi-3-mini-4k-instruct,0.7
2015_q40,1,0.13333333333333333,0.26666666666666666,0.5333333333333333,0.06666666666666667,C,C,D,microsoft/Phi-3-mini-4k-instruct,0.7
2015_q40,2,0.2,0.5333333333333333,0.2,0.06666666666666667,B,B,D,microsoft/Phi-3-mini-4k-instruct,0.7
2015_q40,3,0.6666666666666666,0.2,0.06666666666666667,0.06666666666666667,A,A,D,microsoft/Phi-3-mini-4k-instruct,0.7
2016_q1,0,0.8,0.06666666666666667,0.06666666666666667,0.06666666666666667,A,C,C,microsoft/Phi-3-mini-4k-instruct,0.7
2016_q1,1,0.7692307692307693,0.15384615384615385,0.0,0.07692307692307693,A,B,C,microsoft/Phi-3-mini-4k-instruct,0.7
2016_q1,2,0.9285714285714286,0.0,0.0,0.07142857142857142,A,A,C,microsoft/Phi-3-mini-4k-instruct,0.7
2016_q1,3,0.9285714285714286,0.0,0.0,0.07142857142857142,A,D,C,microsoft/Phi-3-mini-4k-instruct,0.7
2016_q2,0,0.7,0.2,0.0,0.1,A,A,A,microsoft/Phi-3-mini-4k-instruct,0.7
2016_q2,1,0.9,0.0,0.0,0.1,A,D,A,microsoft/Phi-3-mini-4k-instruct,0.7
2016_q2,2,0.8888888888888888,0.0,0.0,0.1111111111111111,A,C,A,microsoft/Phi-3-mini-4k-instruct,0.7
2016_q2,3,0.8181818181818182,0.0,0.09090909090909091,0.09090909090909091,A,B,A,microsoft/Phi-3-mini-4k-instruct,0.7
2016_q3,0,0.2222222222222222,0.2222222222222222,0.1111111111111111,0.4444444444444444,D,C,C,microsoft/Phi-3-mini-4k-instruct,0.7
2016_q3,1,0.16666666666666666,0.5833333333333334,0.25,0.0,B,B,C,microsoft/Phi-3-mini-4k-instruct,0.7
2016_q3,2,0.07692307692307693,0.9230769230769231,0.0,0.0,B,A,C,microsoft/Phi-3-mini-4k-instruct,0.7
2016_q3,3,0.5454545454545454,0.2727272727272727,0.18181818181818182,0.0,A,D,C,microsoft/Phi-3-mini-4k-instruct,0.7
2016_q4,0,0.7857142857142857,0.07142857142857142,0.14285714285714285,0.0,A,C,C,microsoft/Phi-3-mini-4k-instruct,0.7
2016_q4,1,0.7142857142857143,0.2857142857142857,0.0,0.0,A,B,C,microsoft/Phi-3-mini-4k-instruct,0.7
2016_q4,2,0.9333333333333333,0.06666666666666667,0.0,0.0,A,A,C,microsoft/Phi-3-mini-4k-instruct,0.7
2016_q4,3,1.0,0.0,0.0,0.0,A,D,C,microsoft/Phi-3-mini-4k-instruct,0.7
2016_q5,0,0.9285714285714286,0.07142857142857142,0.0,0.0,A,D,D,microsoft/Phi-3-mini-4k-instruct,0.7
2016_q5,1,0.9285714285714286,0.07142857142857142,0.0,0.0,A,C,D,microsoft/Phi-3-mini-4k-instruct,0.7
2016_q5,2,0.9285714285714286,0.07142857142857142,0.0,0.0,A,B,D,microsoft/Phi-3-mini-4k-instruct,0.7
2016_q5,3,0.9285714285714286,0.07142857142857142,0.0,0.0,A,A,D,microsoft/Phi-3-mini-4k-instruct,0.7
2016_q6,0,0.9333333333333333,0.06666666666666667,0.0,0.0,A,B,B,microsoft/Phi-3-mini-4k-instruct,0.7
2016_q6,1,0.8666666666666667,0.06666666666666667,0.06666666666666667,0.0,A,A,B,microsoft/Phi-3-mini-4k-instruct,0.7
2016_q6,2,0.9333333333333333,0.0,0.06666666666666667,0.0,A,D,B,microsoft/Phi-3-mini-4k-instruct,0.7
2016_q6,3,0.9333333333333333,0.0,0.06666666666666667,0.0,A,C,B,microsoft/Phi-3-mini-4k-instruct,0.7
2016_q7,0,0.75,0.25,0.0,0.0,A,D,D,microsoft/Phi-3-mini-4k-instruct,0.7
2016_q7,1,0.6666666666666666,0.3333333333333333,0.0,0.0,A,C,D,microsoft/Phi-3-mini-4k-instruct,0.7
2016_q7,2,0.6666666666666666,0.3333333333333333,0.0,0.0,A,B,D,microsoft/Phi-3-mini-4k-instruct,0.7
2016_q7,3,0.6666666666666666,0.0,0.3333333333333333,0.0,A,A,D,microsoft/Phi-3-mini-4k-instruct,0.7
2016_q8,0,0.5714285714285714,0.21428571428571427,0.21428571428571427,0.0,A,A,A,microsoft/Phi-3-mini-4k-instruct,0.7
2016_q8,1,0.36363636363636365,0.18181818181818182,0.2727272727272727,0.18181818181818182,A,D,A,microsoft/Phi-3-mini-4k-instruct,0.7
2016_q8,2,0.35714285714285715,0.35714285714285715,0.21428571428571427,0.07142857142857142,A,C,A,microsoft/Phi-3-mini-4k-instruct,0.7
2016_q8,3,0.4,0.5333333333333333,0.06666666666666667,0.0,B,B,A,microsoft/Phi-3-mini-4k-instruct,0.7
2016_q9,0,0.9333333333333333,0.0,0.06666666666666667,0.0,A,A,A,microsoft/Phi-3-mini-4k-instruct,0.7
2016_q9,1,0.3333333333333333,0.0,0.13333333333333333,0.5333333333333333,D,D,A,microsoft/Phi-3-mini-4k-instruct,0.7
2016_q9,2,0.2,0.0,0.8,0.0,C,C,A,microsoft/Phi-3-mini-4k-instruct,0.7
2016_q9,3,0.3333333333333333,0.6,0.06666666666666667,0.0,B,B,A,microsoft/Phi-3-mini-4k-instruct,0.7
2016_q10,0,0.8666666666666667,0.06666666666666667,0.06666666666666667,0.0,A,D,D,microsoft/Phi-3-mini-4k-instruct,0.7
2016_q10,1,0.5333333333333333,0.26666666666666666,0.06666666666666667,0.13333333333333333,A,C,D,microsoft/Phi-3-mini-4k-instruct,0.7
2016_q10,2,0.6666666666666666,0.13333333333333333,0.2,0.0,A,B,D,microsoft/Phi-3-mini-4k-instruct,0.7
2016_q10,3,0.8,0.2,0.0,0.0,A,A,D,microsoft/Phi-3-mini-4k-instruct,0.7
2016_q11,0,0.8666666666666667,0.06666666666666667,0.0,0.06666666666666667,A,D,D,microsoft/Phi-3-mini-4k-instruct,0.7
2016_q11,1,0.8,0.13333333333333333,0.0,0.06666666666666667,A,C,D,microsoft/Phi-3-mini-4k-instruct,0.7
2016_q11,2,0.9333333333333333,0.06666666666666667,0.0,0.0,A,B,D,microsoft/Phi-3-mini-4k-instruct,0.7
2016_q11,3,0.9333333333333333,0.0,0.06666666666666667,0.0,A,A,D,microsoft/Phi-3-mini-4k-instruct,0.7
2016_q14,0,1.0,0.0,0.0,0.0,A,A,A,microsoft/Phi-3-mini-4k-instruct,0.7
2016_q14,1,0.7333333333333333,0.06666666666666667,0.0,0.2,A,D,A,microsoft/Phi-3-mini-4k-instruct,0.7
2016_q14,2,0.6666666666666666,0.13333333333333333,0.13333333333333333,0.06666666666666667,A,C,A,microsoft/Phi-3-mini-4k-instruct,0.7
2016_q14,3,0.6,0.26666666666666666,0.06666666666666667,0.06666666666666667,A,B,A,microsoft/Phi-3-mini-4k-instruct,0.7
2016_q15,0,0.8666666666666667,0.13333333333333333,0.0,0.0,A,B,B,microsoft/Phi-3-mini-4k-instruct,0.7
2016_q15,1,0.9285714285714286,0.07142857142857142,0.0,0.0,A,A,B,microsoft/Phi-3-mini-4k-instruct,0.7
2016_q15,2,0.6923076923076923,0.07692307692307693,0.07692307692307693,0.15384615384615385,A,D,B,microsoft/Phi-3-mini-4k-instruct,0.7
2016_q15,3,0.7142857142857143,0.14285714285714285,0.14285714285714285,0.0,A,C,B,microsoft/Phi-3-mini-4k-instruct,0.7
2016_q16,0,0.8571428571428571,0.07142857142857142,0.07142857142857142,0.0,A,B,B,microsoft/Phi-3-mini-4k-instruct,0.7
2016_q16,1,0.7333333333333333,0.26666666666666666,0.0,0.0,A,A,B,microsoft/Phi-3-mini-4k-instruct,0.7
2016_q16,2,0.7333333333333333,0.26666666666666666,0.0,0.0,A,D,B,microsoft/Phi-3-mini-4k-instruct,0.7
2016_q16,3,0.7333333333333333,0.0,0.0,0.26666666666666666,A,C,B,microsoft/Phi-3-mini-4k-instruct,0.7
2016_q17,0,0.9333333333333333,0.0,0.06666666666666667,0.0,A,A,A,microsoft/Phi-3-mini-4k-instruct,0.7
2016_q17,1,1.0,0.0,0.0,0.0,A,D,A,microsoft/Phi-3-mini-4k-instruct,0.7
2016_q17,2,0.9333333333333333,0.06666666666666667,0.0,0.0,A,C,A,microsoft/Phi-3-mini-4k-instruct,0.7
2016_q17,3,1.0,0.0,0.0,0.0,A,B,A,microsoft/Phi-3-mini-4k-instruct,0.7
2016_q18,0,1.0,0.0,0.0,0.0,A,C,C,microsoft/Phi-3-mini-4k-instruct,0.7
2016_q18,1,0.8,0.13333333333333333,0.0,0.06666666666666667,A,B,C,microsoft/Phi-3-mini-4k-instruct,0.7
2016_q18,2,0.9333333333333333,0.06666666666666667,0.0,0.0,A,A,C,microsoft/Phi-3-mini-4k-instruct,0.7
2016_q18,3,0.8,0.2,0.0,0.0,A,D,C,microsoft/Phi-3-mini-4k-instruct,0.7
2016_q19,0,1.0,0.0,0.0,0.0,A,D,D,microsoft/Phi-3-mini-4k-instruct,0.7
2016_q19,1,0.6,0.06666666666666667,0.0,0.3333333333333333,A,C,D,microsoft/Phi-3-mini-4k-instruct,0.7
2016_q19,2,0.6666666666666666,0.2,0.13333333333333333,0.0,A,B,D,microsoft/Phi-3-mini-4k-instruct,0.7
2016_q19,3,0.6,0.4,0.0,0.0,A,A,D,microsoft/Phi-3-mini-4k-instruct,0.7
2016_q20,0,0.9333333333333333,0.0,0.0,0.06666666666666667,A,B,B,microsoft/Phi-3-mini-4k-instruct,0.7
2016_q20,1,0.8666666666666667,0.06666666666666667,0.0,0.06666666666666667,A,A,B,microsoft/Phi-3-mini-4k-instruct,0.7
2016_q20,2,0.8666666666666667,0.0,0.06666666666666667,0.06666666666666667,A,D,B,microsoft/Phi-3-mini-4k-instruct,0.7
2016_q20,3,0.9333333333333333,0.0,0.0,0.06666666666666667,A,C,B,microsoft/Phi-3-mini-4k-instruct,0.7
2016_q21,0,0.6666666666666666,0.08333333333333333,0.25,0.0,A,C,C,microsoft/Phi-3-mini-4k-instruct,0.7
2016_q21,1,0.8571428571428571,0.14285714285714285,0.0,0.0,A,B,C,microsoft/Phi-3-mini-4k-instruct,0.7
2016_q21,2,1.0,0.0,0.0,0.0,A,A,C,microsoft/Phi-3-mini-4k-instruct,0.7
2016_q21,3,0.8666666666666667,0.06666666666666667,0.0,0.06666666666666667,A,D,C,microsoft/Phi-3-mini-4k-instruct,0.7
2016_q22,0,0.6666666666666666,0.3333333333333333,0.0,0.0,A,B,B,microsoft/Phi-3-mini-4k-instruct,0.7
2016_q22,1,0.8666666666666667,0.13333333333333333,0.0,0.0,A,A,B,microsoft/Phi-3-mini-4k-instruct,0.7
2016_q22,2,0.7333333333333333,0.06666666666666667,0.0,0.2,A,D,B,microsoft/Phi-3-mini-4k-instruct,0.7
2016_q22,3,0.6,0.13333333333333333,0.2,0.06666666666666667,A,C,B,microsoft/Phi-3-mini-4k-instruct,0.7
2016_q23,0,0.9333333333333333,0.06666666666666667,0.0,0.0,A,A,A,microsoft/Phi-3-mini-4k-instruct,0.7
2016_q23,1,0.6428571428571429,0.0,0.0,0.35714285714285715,A,D,A,microsoft/Phi-3-mini-4k-instruct,0.7
2016_q23,2,0.6,0.0,0.4,0.0,A,C,A,microsoft/Phi-3-mini-4k-instruct,0.7
2016_q23,3,0.4,0.4666666666666667,0.13333333333333333,0.0,B,B,A,microsoft/Phi-3-mini-4k-instruct,0.7
2016_q24,0,0.8666666666666667,0.06666666666666667,0.06666666666666667,0.0,A,C,C,microsoft/Phi-3-mini-4k-instruct,0.7
2016_q24,1,0.6666666666666666,0.3333333333333333,0.0,0.0,A,B,C,microsoft/Phi-3-mini-4k-instruct,0.7
2016_q24,2,0.9333333333333333,0.06666666666666667,0.0,0.0,A,A,C,microsoft/Phi-3-mini-4k-instruct,0.7
2016_q24,3,0.6,0.13333333333333333,0.06666666666666667,0.2,A,D,C,microsoft/Phi-3-mini-4k-instruct,0.7
2016_q25,0,0.2857142857142857,0.07142857142857142,0.6428571428571429,0.0,C,A,A,microsoft/Phi-3-mini-4k-instruct,0.7
2016_q25,1,0.4666666666666667,0.5333333333333333,0.0,0.0,B,D,A,microsoft/Phi-3-mini-4k-instruct,0.7
2016_q25,2,0.9333333333333333,0.06666666666666667,0.0,0.0,A,C,A,microsoft/Phi-3-mini-4k-instruct,0.7
2016_q25,3,0.4,0.06666666666666667,0.0,0.5333333333333333,D,B,A,microsoft/Phi-3-mini-4k-instruct,0.7
2016_q26,0,0.7857142857142857,0.21428571428571427,0.0,0.0,A,B,B,microsoft/Phi-3-mini-4k-instruct,0.7
2016_q26,1,0.6666666666666666,0.3333333333333333,0.0,0.0,A,A,B,microsoft/Phi-3-mini-4k-instruct,0.7
2016_q26,2,0.8333333333333334,0.08333333333333333,0.0,0.08333333333333333,A,D,B,microsoft/Phi-3-mini-4k-instruct,0.7
2016_q26,3,0.5714285714285714,0.07142857142857142,0.35714285714285715,0.0,A,C,B,microsoft/Phi-3-mini-4k-instruct,0.7
2016_q27,0,0.7333333333333333,0.06666666666666667,0.0,0.2,A,D,D,microsoft/Phi-3-mini-4k-instruct,0.7
2016_q27,1,0.6,0.0,0.26666666666666666,0.13333333333333333,A,C,D,microsoft/Phi-3-mini-4k-instruct,0.7
2016_q27,2,0.7333333333333333,0.06666666666666667,0.06666666666666667,0.13333333333333333,A,B,D,microsoft/Phi-3-mini-4k-instruct,0.7
2016_q27,3,0.6,0.13333333333333333,0.06666666666666667,0.2,A,A,D,microsoft/Phi-3-mini-4k-instruct,0.7
2016_q28,0,0.5333333333333333,0.13333333333333333,0.06666666666666667,0.26666666666666666,A,B,B,microsoft/Phi-3-mini-4k-instruct,0.7
2016_q28,1,0.4666666666666667,0.06666666666666667,0.2,0.26666666666666666,A,A,B,microsoft/Phi-3-mini-4k-instruct,0.7
2016_q28,2,0.4666666666666667,0.0,0.0,0.5333333333333333,D,D,B,microsoft/Phi-3-mini-4k-instruct,0.7
2016_q28,3,0.26666666666666666,0.13333333333333333,0.2,0.4,D,C,B,microsoft/Phi-3-mini-4k-instruct,0.7
2016_q34,0,0.6,0.13333333333333333,0.2,0.06666666666666667,A,C,C,microsoft/Phi-3-mini-4k-instruct,0.7
2016_q34,1,0.4,0.3333333333333333,0.2,0.06666666666666667,A,B,C,microsoft/Phi-3-mini-4k-instruct,0.7
2016_q34,2,0.7333333333333333,0.06666666666666667,0.13333333333333333,0.06666666666666667,A,A,C,microsoft/Phi-3-mini-4k-instruct,0.7
2016_q34,3,0.8,0.06666666666666667,0.13333333333333333,0.0,A,D,C,microsoft/Phi-3-mini-4k-instruct,0.7
2016_q36,0,0.7333333333333333,0.26666666666666666,0.0,0.0,A,B,B,microsoft/Phi-3-mini-4k-instruct,0.7
2016_q36,1,0.8666666666666667,0.0,0.13333333333333333,0.0,A,A,B,microsoft/Phi-3-mini-4k-instruct,0.7
2016_q36,2,0.7333333333333333,0.06666666666666667,0.06666666666666667,0.13333333333333333,A,D,B,microsoft/Phi-3-mini-4k-instruct,0.7
2016_q36,3,0.6666666666666666,0.06666666666666667,0.26666666666666666,0.0,A,C,B,microsoft/Phi-3-mini-4k-instruct,0.7
2016_q37,0,0.13333333333333333,0.13333333333333333,0.3333333333333333,0.4,D,D,D,microsoft/Phi-3-mini-4k-instruct,0.7
2016_q37,1,0.35714285714285715,0.2857142857142857,0.35714285714285715,0.0,A,C,D,microsoft/Phi-3-mini-4k-instruct,0.7
2016_q37,2,0.13333333333333333,0.6,0.26666666666666666,0.0,B,B,D,microsoft/Phi-3-mini-4k-instruct,0.7
2016_q37,3,0.8,0.06666666666666667,0.13333333333333333,0.0,A,A,D,microsoft/Phi-3-mini-4k-instruct,0.7
2016_q38,0,0.7333333333333333,0.06666666666666667,0.13333333333333333,0.06666666666666667,A,C,C,microsoft/Phi-3-mini-4k-instruct,0.7
2016_q38,1,0.7333333333333333,0.06666666666666667,0.0,0.2,A,B,C,microsoft/Phi-3-mini-4k-instruct,0.7
2016_q38,2,0.9333333333333333,0.0,0.06666666666666667,0.0,A,A,C,microsoft/Phi-3-mini-4k-instruct,0.7
2016_q38,3,0.8,0.2,0.0,0.0,A,D,C,microsoft/Phi-3-mini-4k-instruct,0.7
2016_q39,0,1.0,0.0,0.0,0.0,A,C,C,microsoft/Phi-3-mini-4k-instruct,0.7
2016_q39,1,1.0,0.0,0.0,0.0,A,B,C,microsoft/Phi-3-mini-4k-instruct,0.7
2016_q39,2,0.8666666666666667,0.06666666666666667,0.0,0.06666666666666667,A,A,C,microsoft/Phi-3-mini-4k-instruct,0.7
2016_q39,3,0.8666666666666667,0.06666666666666667,0.0,0.06666666666666667,A,D,C,microsoft/Phi-3-mini-4k-instruct,0.7
2017_q3,0,0.7333333333333333,0.0,0.0,0.26666666666666666,A,A,A,microsoft/Phi-3-mini-4k-instruct,0.7
2017_q3,1,0.9333333333333333,0.0,0.0,0.06666666666666667,A,D,A,microsoft/Phi-3-mini-4k-instruct,0.7
2017_q3,2,0.6666666666666666,0.26666666666666666,0.06666666666666667,0.0,A,C,A,microsoft/Phi-3-mini-4k-instruct,0.7
2017_q3,3,0.7333333333333333,0.26666666666666666,0.0,0.0,A,B,A,microsoft/Phi-3-mini-4k-instruct,0.7
2017_q4,0,0.7333333333333333,0.26666666666666666,0.0,0.0,A,B,B,microsoft/Phi-3-mini-4k-instruct,0.7
2017_q4,1,0.9333333333333333,0.06666666666666667,0.0,0.0,A,A,B,microsoft/Phi-3-mini-4k-instruct,0.7
2017_q4,2,0.6,0.13333333333333333,0.0,0.26666666666666666,A,D,B,microsoft/Phi-3-mini-4k-instruct,0.7
2017_q4,3,0.5333333333333333,0.26666666666666666,0.13333333333333333,0.06666666666666667,A,C,B,microsoft/Phi-3-mini-4k-instruct,0.7
2017_q5,0,1.0,0.0,0.0,0.0,A,A,A,microsoft/Phi-3-mini-4k-instruct,0.7
2017_q5,1,0.6,0.0,0.0,0.4,A,D,A,microsoft/Phi-3-mini-4k-instruct,0.7
2017_q5,2,0.6,0.0,0.4,0.0,A,C,A,microsoft/Phi-3-mini-4k-instruct,0.7
2017_q5,3,0.6666666666666666,0.3333333333333333,0.0,0.0,A,B,A,microsoft/Phi-3-mini-4k-instruct,0.7
2017_q7,0,0.8666666666666667,0.0,0.06666666666666667,0.06666666666666667,A,B,B,microsoft/Phi-3-mini-4k-instruct,0.7
2017_q7,1,0.7333333333333333,0.0,0.26666666666666666,0.0,A,A,B,microsoft/Phi-3-mini-4k-instruct,0.7
2017_q7,2,1.0,0.0,0.0,0.0,A,D,B,microsoft/Phi-3-mini-4k-instruct,0.7
2017_q7,3,0.6666666666666666,0.0,0.26666666666666666,0.06666666666666667,A,C,B,microsoft/Phi-3-mini-4k-instruct,0.7
2017_q8,0,0.8,0.0,0.2,0.0,A,C,C,microsoft/Phi-3-mini-4k-instruct,0.7
2017_q8,1,0.7333333333333333,0.26666666666666666,0.0,0.0,A,B,C,microsoft/Phi-3-mini-4k-instruct,0.7
2017_q8,2,0.9333333333333333,0.06666666666666667,0.0,0.0,A,A,C,microsoft/Phi-3-mini-4k-instruct,0.7
2017_q8,3,0.7333333333333333,0.26666666666666666,0.0,0.0,A,D,C,microsoft/Phi-3-mini-4k-instruct,0.7
2017_q10,0,0.7333333333333333,0.13333333333333333,0.13333333333333333,0.0,A,A,A,microsoft/Phi-3-mini-4k-instruct,0.7
2017_q10,1,0.6666666666666666,0.13333333333333333,0.06666666666666667,0.13333333333333333,A,D,A,microsoft/Phi-3-mini-4k-instruct,0.7
2017_q10,2,0.6,0.2,0.13333333333333333,0.06666666666666667,A,C,A,microsoft/Phi-3-mini-4k-instruct,0.7
2017_q10,3,0.7333333333333333,0.2,0.06666666666666667,0.0,A,B,A,microsoft/Phi-3-mini-4k-instruct,0.7
2017_q11,0,0.8,0.0,0.2,0.0,A,A,A,microsoft/Phi-3-mini-4k-instruct,0.7
2017_q11,1,0.8,0.2,0.0,0.0,A,D,A,microsoft/Phi-3-mini-4k-instruct,0.7
2017_q11,2,0.9333333333333333,0.0,0.06666666666666667,0.0,A,C,A,microsoft/Phi-3-mini-4k-instruct,0.7
2017_q11,3,0.8,0.0,0.0,0.2,A,B,A,microsoft/Phi-3-mini-4k-instruct,0.7
2017_q12,0,0.875,0.0,0.0,0.125,A,C,C,microsoft/Phi-3-mini-4k-instruct,0.7
2017_q12,1,0.75,0.0,0.25,0.0,A,B,C,microsoft/Phi-3-mini-4k-instruct,0.7
2017_q12,2,0.75,0.25,0.0,0.0,A,A,C,microsoft/Phi-3-mini-4k-instruct,0.7
2017_q12,3,0.8571428571428571,0.0,0.0,0.14285714285714285,A,D,C,microsoft/Phi-3-mini-4k-instruct,0.7
2017_q14,0,0.4,0.26666666666666666,0.06666666666666667,0.26666666666666666,A,B,B,microsoft/Phi-3-mini-4k-instruct,0.7
2017_q14,1,0.4,0.26666666666666666,0.06666666666666667,0.26666666666666666,A,A,B,microsoft/Phi-3-mini-4k-instruct,0.7
2017_q14,2,0.4,0.2,0.06666666666666667,0.3333333333333333,A,D,B,microsoft/Phi-3-mini-4k-instruct,0.7
2017_q14,3,0.5714285714285714,0.07142857142857142,0.14285714285714285,0.21428571428571427,A,C,B,microsoft/Phi-3-mini-4k-instruct,0.7
2017_q15,0,0.4,0.2,0.13333333333333333,0.26666666666666666,A,D,D,microsoft/Phi-3-mini-4k-instruct,0.7
2017_q15,1,0.5333333333333333,0.0,0.4666666666666667,0.0,A,C,D,microsoft/Phi-3-mini-4k-instruct,0.7
2017_q15,2,0.3333333333333333,0.6,0.06666666666666667,0.0,B,B,D,microsoft/Phi-3-mini-4k-instruct,0.7
2017_q15,3,0.9333333333333333,0.0,0.06666666666666667,0.0,A,A,D,microsoft/Phi-3-mini-4k-instruct,0.7
2017_q16,0,1.0,0.0,0.0,0.0,A,D,D,microsoft/Phi-3-mini-4k-instruct,0.7
2017_q16,1,1.0,0.0,0.0,0.0,A,C,D,microsoft/Phi-3-mini-4k-instruct,0.7
2017_q16,2,0.9333333333333333,0.0,0.06666666666666667,0.0,A,B,D,microsoft/Phi-3-mini-4k-instruct,0.7
2017_q16,3,0.9333333333333333,0.06666666666666667,0.0,0.0,A,A,D,microsoft/Phi-3-mini-4k-instruct,0.7
2017_q17,0,0.8,0.2,0.0,0.0,A,B,B,microsoft/Phi-3-mini-4k-instruct,0.7
2017_q17,1,1.0,0.0,0.0,0.0,A,A,B,microsoft/Phi-3-mini-4k-instruct,0.7
2017_q17,2,1.0,0.0,0.0,0.0,A,D,B,microsoft/Phi-3-mini-4k-instruct,0.7
2017_q17,3,0.8,0.0,0.2,0.0,A,C,B,microsoft/Phi-3-mini-4k-instruct,0.7
2017_q18,0,0.6,0.3333333333333333,0.0,0.06666666666666667,A,A,A,microsoft/Phi-3-mini-4k-instruct,0.7
2017_q18,1,0.4,0.26666666666666666,0.06666666666666667,0.26666666666666666,A,D,A,microsoft/Phi-3-mini-4k-instruct,0.7
2017_q18,2,0.2,0.3333333333333333,0.4,0.06666666666666667,C,C,A,microsoft/Phi-3-mini-4k-instruct,0.7
2017_q18,3,0.4666666666666667,0.4,0.06666666666666667,0.06666666666666667,A,B,A,microsoft/Phi-3-mini-4k-instruct,0.7
2017_q19,0,0.6,0.06666666666666667,0.0,0.3333333333333333,A,D,D,microsoft/Phi-3-mini-4k-instruct,0.7
2017_q19,1,0.4666666666666667,0.0,0.4666666666666667,0.06666666666666667,A,C,D,microsoft/Phi-3-mini-4k-instruct,0.7
2017_q19,2,0.3333333333333333,0.5333333333333333,0.06666666666666667,0.06666666666666667,B,B,D,microsoft/Phi-3-mini-4k-instruct,0.7
2017_q19,3,1.0,0.0,0.0,0.0,A,A,D,microsoft/Phi-3-mini-4k-instruct,0.7
2017_q20,0,0.4666666666666667,0.06666666666666667,0.4666666666666667,0.0,C,C,C,microsoft/Phi-3-mini-4k-instruct,0.7
2017_q20,1,0.6,0.4,0.0,0.0,A,B,C,microsoft/Phi-3-mini-4k-instruct,0.7
2017_q20,2,0.8666666666666667,0.13333333333333333,0.0,0.0,A,A,C,microsoft/Phi-3-mini-4k-instruct,0.7
2017_q20,3,0.2,0.4666666666666667,0.0,0.3333333333333333,B,D,C,microsoft/Phi-3-mini-4k-instruct,0.7
2017_q21,0,1.0,0.0,0.0,0.0,A,D,D,microsoft/Phi-3-mini-4k-instruct,0.7
2017_q21,1,0.7333333333333333,0.06666666666666667,0.2,0.0,A,C,D,microsoft/Phi-3-mini-4k-instruct,0.7
2017_q21,2,0.8,0.13333333333333333,0.06666666666666667,0.0,A,B,D,microsoft/Phi-3-mini-4k-instruct,0.7
2017_q21,3,0.8666666666666667,0.0,0.13333333333333333,0.0,A,A,D,microsoft/Phi-3-mini-4k-instruct,0.7
2017_q22,0,0.8,0.06666666666666667,0.13333333333333333,0.0,A,C,C,microsoft/Phi-3-mini-4k-instruct,0.7
2017_q22,1,0.42857142857142855,0.5714285714285714,0.0,0.0,B,B,C,microsoft/Phi-3-mini-4k-instruct,0.7
2017_q22,2,0.7333333333333333,0.2,0.06666666666666667,0.0,A,A,C,microsoft/Phi-3-mini-4k-instruct,0.7
2017_q22,3,0.7857142857142857,0.07142857142857142,0.0,0.14285714285714285,A,D,C,microsoft/Phi-3-mini-4k-instruct,0.7
2017_q23,0,0.6666666666666666,0.2,0.13333333333333333,0.0,A,A,A,microsoft/Phi-3-mini-4k-instruct,0.7
2017_q23,1,0.4666666666666667,0.26666666666666666,0.2,0.06666666666666667,A,D,A,microsoft/Phi-3-mini-4k-instruct,0.7
2017_q23,2,0.4666666666666667,0.2,0.26666666666666666,0.06666666666666667,A,C,A,microsoft/Phi-3-mini-4k-instruct,0.7
2017_q23,3,0.4666666666666667,0.4,0.13333333333333333,0.0,A,B,A,microsoft/Phi-3-mini-4k-instruct,0.7
2017_q24,0,0.7333333333333333,0.26666666666666666,0.0,0.0,A,B,B,microsoft/Phi-3-mini-4k-instruct,0.7
2017_q24,1,0.8666666666666667,0.0,0.13333333333333333,0.0,A,A,B,microsoft/Phi-3-mini-4k-instruct,0.7
2017_q24,2,0.6666666666666666,0.06666666666666667,0.0,0.26666666666666666,A,D,B,microsoft/Phi-3-mini-4k-instruct,0.7
2017_q24,3,0.6666666666666666,0.0,0.3333333333333333,0.0,A,C,B,microsoft/Phi-3-mini-4k-instruct,0.7
2017_q25,0,1.0,0.0,0.0,0.0,A,C,C,microsoft/Phi-3-mini-4k-instruct,0.7
2017_q25,1,1.0,0.0,0.0,0.0,A,B,C,microsoft/Phi-3-mini-4k-instruct,0.7
2017_q25,2,1.0,0.0,0.0,0.0,A,A,C,microsoft/Phi-3-mini-4k-instruct,0.7
2017_q25,3,0.9333333333333333,0.06666666666666667,0.0,0.0,A,D,C,microsoft/Phi-3-mini-4k-instruct,0.7
2017_q26,0,0.6666666666666666,0.08333333333333333,0.08333333333333333,0.16666666666666666,A,C,C,microsoft/Phi-3-mini-4k-instruct,0.7
2017_q26,1,0.75,0.0,0.16666666666666666,0.08333333333333333,A,B,C,microsoft/Phi-3-mini-4k-instruct,0.7
2017_q26,2,0.7142857142857143,0.07142857142857142,0.14285714285714285,0.07142857142857142,A,A,C,microsoft/Phi-3-mini-4k-instruct,0.7
2017_q26,3,0.6666666666666666,0.08333333333333333,0.16666666666666666,0.08333333333333333,A,D,C,microsoft/Phi-3-mini-4k-instruct,0.7
2017_q28,0,1.0,0.0,0.0,0.0,A,A,A,microsoft/Phi-3-mini-4k-instruct,0.7
2017_q28,1,0.6428571428571429,0.14285714285714285,0.0,0.21428571428571427,A,D,A,microsoft/Phi-3-mini-4k-instruct,0.7
2017_q28,2,0.7857142857142857,0.14285714285714285,0.07142857142857142,0.0,A,C,A,microsoft/Phi-3-mini-4k-instruct,0.7
2017_q28,3,0.7333333333333333,0.2,0.06666666666666667,0.0,A,B,A,microsoft/Phi-3-mini-4k-instruct,0.7
2017_q30,0,0.9333333333333333,0.06666666666666667,0.0,0.0,A,B,B,microsoft/Phi-3-mini-4k-instruct,0.7
2017_q30,1,1.0,0.0,0.0,0.0,A,A,B,microsoft/Phi-3-mini-4k-instruct,0.7
2017_q30,2,0.8666666666666667,0.0,0.0,0.13333333333333333,A,D,B,microsoft/Phi-3-mini-4k-instruct,0.7
2017_q30,3,0.9333333333333333,0.06666666666666667,0.0,0.0,A,C,B,microsoft/Phi-3-mini-4k-instruct,0.7
2017_q34,0,0.6666666666666666,0.3333333333333333,0.0,0.0,A,B,B,microsoft/Phi-3-mini-4k-instruct,0.7
2017_q34,1,0.6,0.13333333333333333,0.26666666666666666,0.0,A,A,B,microsoft/Phi-3-mini-4k-instruct,0.7
2017_q34,2,0.7333333333333333,0.13333333333333333,0.0,0.13333333333333333,A,D,B,microsoft/Phi-3-mini-4k-instruct,0.7
2017_q34,3,0.9285714285714286,0.0,0.07142857142857142,0.0,A,C,B,microsoft/Phi-3-mini-4k-instruct,0.7
2017_q35,0,0.9333333333333333,0.06666666666666667,0.0,0.0,A,A,A,microsoft/Phi-3-mini-4k-instruct,0.7
2017_q35,1,0.8666666666666667,0.06666666666666667,0.06666666666666667,0.0,A,D,A,microsoft/Phi-3-mini-4k-instruct,0.7
2017_q35,2,0.8666666666666667,0.13333333333333333,0.0,0.0,A,C,A,microsoft/Phi-3-mini-4k-instruct,0.7
2017_q35,3,0.8666666666666667,0.13333333333333333,0.0,0.0,A,B,A,microsoft/Phi-3-mini-4k-instruct,0.7
2017_q36,0,0.7857142857142857,0.14285714285714285,0.07142857142857142,0.0,A,D,D,microsoft/Phi-3-mini-4k-instruct,0.7
2017_q36,1,0.8666666666666667,0.0,0.13333333333333333,0.0,A,C,D,microsoft/Phi-3-mini-4k-instruct,0.7
2017_q36,2,0.7857142857142857,0.07142857142857142,0.14285714285714285,0.0,A,B,D,microsoft/Phi-3-mini-4k-instruct,0.7
2017_q36,3,0.9285714285714286,0.0,0.07142857142857142,0.0,A,A,D,microsoft/Phi-3-mini-4k-instruct,0.7
2017_q37,0,0.42857142857142855,0.0,0.5,0.07142857142857142,C,C,C,microsoft/Phi-3-mini-4k-instruct,0.7
2017_q37,1,0.2,0.7333333333333333,0.06666666666666667,0.0,B,B,C,microsoft/Phi-3-mini-4k-instruct,0.7
2017_q37,2,1.0,0.0,0.0,0.0,A,A,C,microsoft/Phi-3-mini-4k-instruct,0.7
2017_q37,3,0.4,0.0,0.06666666666666667,0.5333333333333333,D,D,C,microsoft/Phi-3-mini-4k-instruct,0.7
2017_q38,0,0.8666666666666667,0.0,0.0,0.13333333333333333,A,D,D,microsoft/Phi-3-mini-4k-instruct,0.7
2017_q38,1,0.7333333333333333,0.0,0.13333333333333333,0.13333333333333333,A,C,D,microsoft/Phi-3-mini-4k-instruct,0.7
2017_q38,2,0.6666666666666666,0.3333333333333333,0.0,0.0,A,B,D,microsoft/Phi-3-mini-4k-instruct,0.7
2017_q38,3,0.9333333333333333,0.0,0.0,0.06666666666666667,A,A,D,microsoft/Phi-3-mini-4k-instruct,0.7
2017_q39,0,0.5333333333333333,0.4666666666666667,0.0,0.0,A,B,B,microsoft/Phi-3-mini-4k-instruct,0.7
2017_q39,1,1.0,0.0,0.0,0.0,A,A,B,microsoft/Phi-3-mini-4k-instruct,0.7
2017_q39,2,0.4,0.0,0.0,0.6,D,D,B,microsoft/Phi-3-mini-4k-instruct,0.7
2017_q39,3,0.5333333333333333,0.0,0.4666666666666667,0.0,A,C,B,microsoft/Phi-3-mini-4k-instruct,0.7
2017_q40,0,0.5714285714285714,0.0,0.35714285714285715,0.07142857142857142,A,C,C,microsoft/Phi-3-mini-4k-instruct,0.7
2017_q40,1,0.6666666666666666,0.3333333333333333,0.0,0.0,A,B,C,microsoft/Phi-3-mini-4k-instruct,0.7
2017_q40,2,0.9333333333333333,0.06666666666666667,0.0,0.0,A,A,C,microsoft/Phi-3-mini-4k-instruct,0.7
2017_q40,3,0.4666666666666667,0.06666666666666667,0.06666666666666667,0.4,A,D,C,microsoft/Phi-3-mini-4k-instruct,0.7
2018_q3,0,0.7333333333333333,0.26666666666666666,0.0,0.0,A,A,A,microsoft/Phi-3-mini-4k-instruct,0.7
2018_q3,1,0.8666666666666667,0.13333333333333333,0.0,0.0,A,D,A,microsoft/Phi-3-mini-4k-instruct,0.7
2018_q3,2,0.7333333333333333,0.26666666666666666,0.0,0.0,A,C,A,microsoft/Phi-3-mini-4k-instruct,0.7
2018_q3,3,0.6666666666666666,0.26666666666666666,0.0,0.06666666666666667,A,B,A,microsoft/Phi-3-mini-4k-instruct,0.7
2018_q4,0,0.6428571428571429,0.0,0.0,0.35714285714285715,A,D,D,microsoft/Phi-3-mini-4k-instruct,0.7
2018_q4,1,0.8571428571428571,0.0,0.07142857142857142,0.07142857142857142,A,C,D,microsoft/Phi-3-mini-4k-instruct,0.7
2018_q4,2,0.9285714285714286,0.07142857142857142,0.0,0.0,A,B,D,microsoft/Phi-3-mini-4k-instruct,0.7
2018_q4,3,0.8571428571428571,0.07142857142857142,0.0,0.07142857142857142,A,A,D,microsoft/Phi-3-mini-4k-instruct,0.7
2018_q5,0,0.6,0.06666666666666667,0.0,0.3333333333333333,A,B,B,microsoft/Phi-3-mini-4k-instruct,0.7
2018_q5,1,0.4666666666666667,0.06666666666666667,0.4666666666666667,0.0,A,A,B,microsoft/Phi-3-mini-4k-instruct,0.7
2018_q5,2,0.3333333333333333,0.6666666666666666,0.0,0.0,B,D,B,microsoft/Phi-3-mini-4k-instruct,0.7
2018_q5,3,0.9333333333333333,0.0,0.06666666666666667,0.0,A,C,B,microsoft/Phi-3-mini-4k-instruct,0.7
2018_q6,0,1.0,0.0,0.0,0.0,A,A,A,microsoft/Phi-3-mini-4k-instruct,0.7
2018_q6,1,1.0,0.0,0.0,0.0,A,D,A,microsoft/Phi-3-mini-4k-instruct,0.7
2018_q6,2,1.0,0.0,0.0,0.0,A,C,A,microsoft/Phi-3-mini-4k-instruct,0.7
2018_q6,3,0.8666666666666667,0.13333333333333333,0.0,0.0,A,B,A,microsoft/Phi-3-mini-4k-instruct,0.7
2018_q7,0,1.0,0.0,0.0,0.0,A,A,A,microsoft/Phi-3-mini-4k-instruct,0.7
2018_q7,1,0.8888888888888888,0.1111111111111111,0.0,0.0,A,D,A,microsoft/Phi-3-mini-4k-instruct,0.7
2018_q7,2,1.0,0.0,0.0,0.0,A,C,A,microsoft/Phi-3-mini-4k-instruct,0.7
2018_q7,3,1.0,0.0,0.0,0.0,A,B,A,microsoft/Phi-3-mini-4k-instruct,0.7
2018_q8,0,0.8666666666666667,0.0,0.0,0.13333333333333333,A,D,D,microsoft/Phi-3-mini-4k-instruct,0.7
2018_q8,1,0.9333333333333333,0.0,0.06666666666666667,0.0,A,C,D,microsoft/Phi-3-mini-4k-instruct,0.7
2018_q8,2,0.7333333333333333,0.13333333333333333,0.06666666666666667,0.06666666666666667,A,B,D,microsoft/Phi-3-mini-4k-instruct,0.7
2018_q8,3,1.0,0.0,0.0,0.0,A,A,D,microsoft/Phi-3-mini-4k-instruct,0.7
2018_q9,0,0.2222222222222222,0.7777777777777778,0.0,0.0,B,B,B,microsoft/Phi-3-mini-4k-instruct,0.7
2018_q9,1,0.75,0.25,0.0,0.0,A,A,B,microsoft/Phi-3-mini-4k-instruct,0.7
2018_q9,2,0.5555555555555556,0.2222222222222222,0.0,0.2222222222222222,A,D,B,microsoft/Phi-3-mini-4k-instruct,0.7
2018_q9,3,0.3333333333333333,0.6666666666666666,0.0,0.0,B,C,B,microsoft/Phi-3-mini-4k-instruct,0.7
2018_q10,0,0.7333333333333333,0.06666666666666667,0.13333333333333333,0.06666666666666667,A,D,D,microsoft/Phi-3-mini-4k-instruct,0.7
2018_q10,1,0.8666666666666667,0.0,0.13333333333333333,0.0,A,C,D,microsoft/Phi-3-mini-4k-instruct,0.7
2018_q10,2,0.8666666666666667,0.0,0.13333333333333333,0.0,A,B,D,microsoft/Phi-3-mini-4k-instruct,0.7
2018_q10,3,0.8666666666666667,0.06666666666666667,0.0,0.06666666666666667,A,A,D,microsoft/Phi-3-mini-4k-instruct,0.7
2018_q11,0,0.8,0.13333333333333333,0.06666666666666667,0.0,A,C,C,microsoft/Phi-3-mini-4k-instruct,0.7
2018_q11,1,0.7857142857142857,0.14285714285714285,0.07142857142857142,0.0,A,B,C,microsoft/Phi-3-mini-4k-instruct,0.7
2018_q11,2,0.7857142857142857,0.14285714285714285,0.07142857142857142,0.0,A,A,C,microsoft/Phi-3-mini-4k-instruct,0.7
2018_q11,3,0.8666666666666667,0.06666666666666667,0.06666666666666667,0.0,A,D,C,microsoft/Phi-3-mini-4k-instruct,0.7
2018_q12,0,0.5333333333333333,0.3333333333333333,0.0,0.13333333333333333,A,D,D,microsoft/Phi-3-mini-4k-instruct,0.7
2018_q12,1,0.8666666666666667,0.0,0.06666666666666667,0.06666666666666667,A,C,D,microsoft/Phi-3-mini-4k-instruct,0.7
2018_q12,2,0.8,0.2,0.0,0.0,A,B,D,microsoft/Phi-3-mini-4k-instruct,0.7
2018_q12,3,0.8666666666666667,0.06666666666666667,0.06666666666666667,0.0,A,A,D,microsoft/Phi-3-mini-4k-instruct,0.7
2018_q14,0,0.8,0.13333333333333333,0.0,0.06666666666666667,A,C,C,microsoft/Phi-3-mini-4k-instruct,0.7
2018_q14,1,0.8,0.13333333333333333,0.06666666666666667,0.0,A,B,C,microsoft/Phi-3-mini-4k-instruct,0.7
2018_q14,2,0.7333333333333333,0.26666666666666666,0.0,0.0,A,A,C,microsoft/Phi-3-mini-4k-instruct,0.7
2018_q14,3,0.6666666666666666,0.26666666666666666,0.0,0.06666666666666667,A,D,C,microsoft/Phi-3-mini-4k-instruct,0.7
2018_q15,0,0.6,0.3333333333333333,0.06666666666666667,0.0,A,B,B,microsoft/Phi-3-mini-4k-instruct,0.7
2018_q15,1,0.9333333333333333,0.0,0.06666666666666667,0.0,A,A,B,microsoft/Phi-3-mini-4k-instruct,0.7
2018_q15,2,0.6,0.0,0.06666666666666667,0.3333333333333333,A,D,B,microsoft/Phi-3-mini-4k-instruct,0.7
2018_q15,3,0.5333333333333333,0.0,0.4666666666666667,0.0,A,C,B,microsoft/Phi-3-mini-4k-instruct,0.7
2018_q16,0,0.8,0.13333333333333333,0.06666666666666667,0.0,A,A,A,microsoft/Phi-3-mini-4k-instruct,0.7
2018_q16,1,0.4666666666666667,0.06666666666666667,0.06666666666666667,0.4,A,D,A,microsoft/Phi-3-mini-4k-instruct,0.7
2018_q16,2,0.6,0.06666666666666667,0.13333333333333333,0.2,A,C,A,microsoft/Phi-3-mini-4k-instruct,0.7
2018_q16,3,0.3333333333333333,0.06666666666666667,0.13333333333333333,0.4666666666666667,D,B,A,microsoft/Phi-3-mini-4k-instruct,0.7
2018_q17,0,0.6,0.0,0.4,0.0,A,C,C,microsoft/Phi-3-mini-4k-instruct,0.7
2018_q17,1,0.6,0.3333333333333333,0.06666666666666667,0.0,A,B,C,microsoft/Phi-3-mini-4k-instruct,0.7
2018_q17,2,0.9333333333333333,0.0,0.06666666666666667,0.0,A,A,C,microsoft/Phi-3-mini-4k-instruct,0.7
2018_q17,3,0.3333333333333333,0.13333333333333333,0.06666666666666667,0.4666666666666667,D,D,C,microsoft/Phi-3-mini-4k-instruct,0.7
2018_q18,0,0.7333333333333333,0.06666666666666667,0.13333333333333333,0.06666666666666667,A,A,A,microsoft/Phi-3-mini-4k-instruct,0.7
2018_q18,1,0.7333333333333333,0.13333333333333333,0.0,0.13333333333333333,A,D,A,microsoft/Phi-3-mini-4k-instruct,0.7
2018_q18,2,0.5333333333333333,0.2,0.26666666666666666,0.0,A,C,A,microsoft/Phi-3-mini-4k-instruct,0.7
2018_q18,3,0.5333333333333333,0.4666666666666667,0.0,0.0,A,B,A,microsoft/Phi-3-mini-4k-instruct,0.7
2018_q19,0,0.5333333333333333,0.2,0.2,0.06666666666666667,A,D,D,microsoft/Phi-3-mini-4k-instruct,0.7
2018_q19,1,0.4666666666666667,0.2,0.3333333333333333,0.0,A,C,D,microsoft/Phi-3-mini-4k-instruct,0.7
2018_q19,2,0.4666666666666667,0.4,0.13333333333333333,0.0,A,B,D,microsoft/Phi-3-mini-4k-instruct,0.7
2018_q19,3,0.4666666666666667,0.4,0.06666666666666667,0.06666666666666667,A,A,D,microsoft/Phi-3-mini-4k-instruct,0.7
2018_q20,0,0.8,0.2,0.0,0.0,A,B,B,microsoft/Phi-3-mini-4k-instruct,0.7
2018_q20,1,0.9333333333333333,0.0,0.06666666666666667,0.0,A,A,B,microsoft/Phi-3-mini-4k-instruct,0.7
2018_q20,2,0.7142857142857143,0.07142857142857142,0.0,0.21428571428571427,A,D,B,microsoft/Phi-3-mini-4k-instruct,0.7
2018_q20,3,0.8,0.0,0.2,0.0,A,C,B,microsoft/Phi-3-mini-4k-instruct,0.7
2018_q21,0,0.7333333333333333,0.06666666666666667,0.0,0.2,A,A,A,microsoft/Phi-3-mini-4k-instruct,0.7
2018_q21,1,0.4666666666666667,0.0,0.06666666666666667,0.4666666666666667,D,D,A,microsoft/Phi-3-mini-4k-instruct,0.7
2018_q21,2,0.21428571428571427,0.5714285714285714,0.21428571428571427,0.0,B,C,A,microsoft/Phi-3-mini-4k-instruct,0.7
2018_q21,3,0.2,0.8,0.0,0.0,B,B,A,microsoft/Phi-3-mini-4k-instruct,0.7
2018_q22,0,0.8,0.0,0.06666666666666667,0.13333333333333333,A,A,A,microsoft/Phi-3-mini-4k-instruct,0.7
2018_q22,1,0.9333333333333333,0.06666666666666667,0.0,0.0,A,D,A,microsoft/Phi-3-mini-4k-instruct,0.7
2018_q22,2,0.7333333333333333,0.13333333333333333,0.13333333333333333,0.0,A,C,A,microsoft/Phi-3-mini-4k-instruct,0.7
2018_q22,3,0.8,0.06666666666666667,0.0,0.13333333333333333,A,B,A,microsoft/Phi-3-mini-4k-instruct,0.7
2018_q23,0,0.8,0.0,0.2,0.0,A,D,D,microsoft/Phi-3-mini-4k-instruct,0.7
2018_q23,1,0.6666666666666666,0.26666666666666666,0.06666666666666667,0.0,A,C,D,microsoft/Phi-3-mini-4k-instruct,0.7
2018_q23,2,0.8666666666666667,0.0,0.13333333333333333,0.0,A,B,D,microsoft/Phi-3-mini-4k-instruct,0.7
2018_q23,3,0.6666666666666666,0.0,0.0,0.3333333333333333,A,A,D,microsoft/Phi-3-mini-4k-instruct,0.7
2018_q24,0,0.8666666666666667,0.06666666666666667,0.06666666666666667,0.0,A,C,C,microsoft/Phi-3-mini-4k-instruct,0.7
2018_q24,1,1.0,0.0,0.0,0.0,A,B,C,microsoft/Phi-3-mini-4k-instruct,0.7
2018_q24,2,0.9333333333333333,0.06666666666666667,0.0,0.0,A,A,C,microsoft/Phi-3-mini-4k-instruct,0.7
2018_q24,3,0.8666666666666667,0.06666666666666667,0.0,0.06666666666666667,A,D,C,microsoft/Phi-3-mini-4k-instruct,0.7
2018_q26,0,0.4,0.06666666666666667,0.13333333333333333,0.4,A,D,D,microsoft/Phi-3-mini-4k-instruct,0.7
2018_q26,1,0.3333333333333333,0.13333333333333333,0.2,0.3333333333333333,A,C,D,microsoft/Phi-3-mini-4k-instruct,0.7
2018_q26,2,0.4666666666666667,0.2,0.13333333333333333,0.2,A,B,D,microsoft/Phi-3-mini-4k-instruct,0.7
2018_q26,3,0.7142857142857143,0.0,0.21428571428571427,0.07142857142857142,A,A,D,microsoft/Phi-3-mini-4k-instruct,0.7
2018_q27,0,0.5,0.42857142857142855,0.07142857142857142,0.0,A,B,B,microsoft/Phi-3-mini-4k-instruct,0.7
2018_q27,1,0.8666666666666667,0.13333333333333333,0.0,0.0,A,A,B,microsoft/Phi-3-mini-4k-instruct,0.7
2018_q27,2,0.7333333333333333,0.13333333333333333,0.06666666666666667,0.06666666666666667,A,D,B,microsoft/Phi-3-mini-4k-instruct,0.7
2018_q27,3,0.6,0.13333333333333333,0.26666666666666666,0.0,A,C,B,microsoft/Phi-3-mini-4k-instruct,0.7
2018_q28,0,0.6666666666666666,0.26666666666666666,0.0,0.06666666666666667,A,B,B,microsoft/Phi-3-mini-4k-instruct,0.7
2018_q28,1,0.8571428571428571,0.07142857142857142,0.07142857142857142,0.0,A,A,B,microsoft/Phi-3-mini-4k-instruct,0.7
2018_q28,2,0.6153846153846154,0.07692307692307693,0.0,0.3076923076923077,A,D,B,microsoft/Phi-3-mini-4k-instruct,0.7
2018_q28,3,0.7333333333333333,0.0,0.26666666666666666,0.0,A,C,B,microsoft/Phi-3-mini-4k-instruct,0.7
2018_q33,0,0.8,0.0,0.0,0.2,A,B,B,microsoft/Phi-3-mini-4k-instruct,0.7
2018_q33,1,0.9166666666666666,0.0,0.08333333333333333,0.0,A,A,B,microsoft/Phi-3-mini-4k-instruct,0.7
2018_q33,2,0.9,0.0,0.0,0.1,A,D,B,microsoft/Phi-3-mini-4k-instruct,0.7
2018_q33,3,0.8181818181818182,0.18181818181818182,0.0,0.0,A,C,B,microsoft/Phi-3-mini-4k-instruct,0.7
2018_q34,0,0.6,0.06666666666666667,0.0,0.3333333333333333,A,D,D,microsoft/Phi-3-mini-4k-instruct,0.7
2018_q34,1,0.6666666666666666,0.0,0.3333333333333333,0.0,A,C,D,microsoft/Phi-3-mini-4k-instruct,0.7
2018_q34,2,0.6666666666666666,0.3333333333333333,0.0,0.0,A,B,D,microsoft/Phi-3-mini-4k-instruct,0.7
2018_q34,3,0.9333333333333333,0.06666666666666667,0.0,0.0,A,A,D,microsoft/Phi-3-mini-4k-instruct,0.7
2018_q35,0,0.3333333333333333,0.0,0.6666666666666666,0.0,C,C,C,microsoft/Phi-3-mini-4k-instruct,0.7
2018_q35,1,0.5333333333333333,0.4666666666666667,0.0,0.0,A,B,C,microsoft/Phi-3-mini-4k-instruct,0.7
2018_q35,2,0.9333333333333333,0.06666666666666667,0.0,0.0,A,A,C,microsoft/Phi-3-mini-4k-instruct,0.7
2018_q35,3,0.3333333333333333,0.06666666666666667,0.0,0.6,D,D,C,microsoft/Phi-3-mini-4k-instruct,0.7
2018_q36,0,1.0,0.0,0.0,0.0,A,A,A,microsoft/Phi-3-mini-4k-instruct,0.7
2018_q36,1,0.8,0.0,0.0,0.2,A,D,A,microsoft/Phi-3-mini-4k-instruct,0.7
2018_q36,2,0.9285714285714286,0.0,0.07142857142857142,0.0,A,C,A,microsoft/Phi-3-mini-4k-instruct,0.7
2018_q36,3,0.9333333333333333,0.06666666666666667,0.0,0.0,A,B,A,microsoft/Phi-3-mini-4k-instruct,0.7
2018_q37,0,0.6,0.2,0.13333333333333333,0.06666666666666667,A,D,D,microsoft/Phi-3-mini-4k-instruct,0.7
2018_q37,1,0.4,0.06666666666666667,0.4,0.13333333333333333,C,C,D,microsoft/Phi-3-mini-4k-instruct,0.7
2018_q37,2,0.2,0.2,0.26666666666666666,0.3333333333333333,D,B,D,microsoft/Phi-3-mini-4k-instruct,0.7
2018_q37,3,0.2,0.2,0.4,0.2,C,A,D,microsoft/Phi-3-mini-4k-instruct,0.7
2018_q38,0,0.6666666666666666,0.3333333333333333,0.0,0.0,A,B,B,microsoft/Phi-3-mini-4k-instruct,0.7
2018_q38,1,0.6666666666666666,0.26666666666666666,0.0,0.06666666666666667,A,A,B,microsoft/Phi-3-mini-4k-instruct,0.7
2018_q38,2,0.7333333333333333,0.0,0.0,0.26666666666666666,A,D,B,microsoft/Phi-3-mini-4k-instruct,0.7
2018_q38,3,0.7333333333333333,0.0,0.26666666666666666,0.0,A,C,B,microsoft/Phi-3-mini-4k-instruct,0.7
2018_q39,0,0.7333333333333333,0.26666666666666666,0.0,0.0,A,B,B,microsoft/Phi-3-mini-4k-instruct,0.7
2018_q39,1,0.7333333333333333,0.2,0.06666666666666667,0.0,A,A,B,microsoft/Phi-3-mini-4k-instruct,0.7
2018_q39,2,0.8,0.2,0.0,0.0,A,D,B,microsoft/Phi-3-mini-4k-instruct,0.7
2018_q39,3,0.8666666666666667,0.06666666666666667,0.06666666666666667,0.0,A,C,B,microsoft/Phi-3-mini-4k-instruct,0.7
2019_q1,0,0.42857142857142855,0.2857142857142857,0.07142857142857142,0.21428571428571427,A,B,B,microsoft/Phi-3-mini-4k-instruct,0.7
2019_q1,1,0.5714285714285714,0.21428571428571427,0.14285714285714285,0.07142857142857142,A,A,B,microsoft/Phi-3-mini-4k-instruct,0.7
2019_q1,2,0.46153846153846156,0.46153846153846156,0.0,0.07692307692307693,A,D,B,microsoft/Phi-3-mini-4k-instruct,0.7
2019_q1,3,0.5714285714285714,0.21428571428571427,0.07142857142857142,0.14285714285714285,A,C,B,microsoft/Phi-3-mini-4k-instruct,0.7
2019_q2,0,0.8,0.2,0.0,0.0,A,B,B,microsoft/Phi-3-mini-4k-instruct,0.7
2019_q2,1,0.9333333333333333,0.0,0.06666666666666667,0.0,A,A,B,microsoft/Phi-3-mini-4k-instruct,0.7
2019_q2,2,0.8666666666666667,0.06666666666666667,0.06666666666666667,0.0,A,D,B,microsoft/Phi-3-mini-4k-instruct,0.7
2019_q2,3,0.8,0.06666666666666667,0.13333333333333333,0.0,A,C,B,microsoft/Phi-3-mini-4k-instruct,0.7
2019_q3,0,0.7142857142857143,0.14285714285714285,0.14285714285714285,0.0,A,C,C,microsoft/Phi-3-mini-4k-instruct,0.7
2019_q3,1,0.7333333333333333,0.13333333333333333,0.06666666666666667,0.06666666666666667,A,B,C,microsoft/Phi-3-mini-4k-instruct,0.7
2019_q3,2,0.8,0.13333333333333333,0.06666666666666667,0.0,A,A,C,microsoft/Phi-3-mini-4k-instruct,0.7
2019_q3,3,0.6666666666666666,0.06666666666666667,0.06666666666666667,0.2,A,D,C,microsoft/Phi-3-mini-4k-instruct,0.7
2019_q4,0,0.6428571428571429,0.35714285714285715,0.0,0.0,A,A,A,microsoft/Phi-3-mini-4k-instruct,0.7
2019_q4,1,0.5,0.42857142857142855,0.07142857142857142,0.0,A,D,A,microsoft/Phi-3-mini-4k-instruct,0.7
2019_q4,2,0.5714285714285714,0.2857142857142857,0.07142857142857142,0.07142857142857142,A,C,A,microsoft/Phi-3-mini-4k-instruct,0.7
2019_q4,3,0.42857142857142855,0.5714285714285714,0.0,0.0,B,B,A,microsoft/Phi-3-mini-4k-instruct,0.7
2019_q5,0,0.6,0.26666666666666666,0.13333333333333333,0.0,A,C,C,microsoft/Phi-3-mini-4k-instruct,0.7
2019_q5,1,0.7333333333333333,0.2,0.06666666666666667,0.0,A,B,C,microsoft/Phi-3-mini-4k-instruct,0.7
2019_q5,2,0.7333333333333333,0.13333333333333333,0.13333333333333333,0.0,A,A,C,microsoft/Phi-3-mini-4k-instruct,0.7
2019_q5,3,0.5714285714285714,0.2857142857142857,0.14285714285714285,0.0,A,D,C,microsoft/Phi-3-mini-4k-instruct,0.7
2019_q8,0,1.0,0.0,0.0,0.0,A,A,A,microsoft/Phi-3-mini-4k-instruct,0.7
2019_q8,1,0.8666666666666667,0.0,0.0,0.13333333333333333,A,D,A,microsoft/Phi-3-mini-4k-instruct,0.7
2019_q8,2,0.7333333333333333,0.0,0.26666666666666666,0.0,A,C,A,microsoft/Phi-3-mini-4k-instruct,0.7
2019_q8,3,0.8666666666666667,0.06666666666666667,0.06666666666666667,0.0,A,B,A,microsoft/Phi-3-mini-4k-instruct,0.7
2019_q9,0,0.8888888888888888,0.0,0.1111111111111111,0.0,A,B,B,microsoft/Phi-3-mini-4k-instruct,0.7
2019_q9,1,1.0,0.0,0.0,0.0,A,A,B,microsoft/Phi-3-mini-4k-instruct,0.7
2019_q9,2,0.9090909090909091,0.0,0.09090909090909091,0.0,A,D,B,microsoft/Phi-3-mini-4k-instruct,0.7
2019_q9,3,0.8571428571428571,0.0,0.14285714285714285,0.0,A,C,B,microsoft/Phi-3-mini-4k-instruct,0.7
2019_q10,0,0.9230769230769231,0.0,0.07692307692307693,0.0,A,D,D,microsoft/Phi-3-mini-4k-instruct,0.7
2019_q10,1,1.0,0.0,0.0,0.0,A,C,D,microsoft/Phi-3-mini-4k-instruct,0.7
2019_q10,2,0.9285714285714286,0.0,0.07142857142857142,0.0,A,B,D,microsoft/Phi-3-mini-4k-instruct,0.7
2019_q10,3,1.0,0.0,0.0,0.0,A,A,D,microsoft/Phi-3-mini-4k-instruct,0.7
2019_q12,0,0.8,0.2,0.0,0.0,A,B,B,microsoft/Phi-3-mini-4k-instruct,0.7
2019_q12,1,0.7272727272727273,0.0,0.18181818181818182,0.09090909090909091,A,A,B,microsoft/Phi-3-mini-4k-instruct,0.7
2019_q12,2,0.7692307692307693,0.23076923076923078,0.0,0.0,A,D,B,microsoft/Phi-3-mini-4k-instruct,0.7
2019_q12,3,0.8,0.2,0.0,0.0,A,C,B,microsoft/Phi-3-mini-4k-instruct,0.7
2019_q13,0,0.26666666666666666,0.2,0.0,0.5333333333333333,D,D,D,microsoft/Phi-3-mini-4k-instruct,0.7
2019_q13,1,0.6,0.06666666666666667,0.06666666666666667,0.26666666666666666,A,C,D,microsoft/Phi-3-mini-4k-instruct,0.7
2019_q13,2,0.3333333333333333,0.26666666666666666,0.06666666666666667,0.3333333333333333,D,B,D,microsoft/Phi-3-mini-4k-instruct,0.7
2019_q13,3,0.6666666666666666,0.13333333333333333,0.13333333333333333,0.06666666666666667,A,A,D,microsoft/Phi-3-mini-4k-instruct,0.7
2019_q14,0,0.6666666666666666,0.13333333333333333,0.2,0.0,A,C,C,microsoft/Phi-3-mini-4k-instruct,0.7
2019_q14,1,0.8,0.2,0.0,0.0,A,B,C,microsoft/Phi-3-mini-4k-instruct,0.7
2019_q14,2,0.8666666666666667,0.06666666666666667,0.0,0.06666666666666667,A,A,C,microsoft/Phi-3-mini-4k-instruct,0.7
2019_q14,3,0.6,0.3333333333333333,0.0,0.06666666666666667,A,D,C,microsoft/Phi-3-mini-4k-instruct,0.7
2019_q15,0,0.6666666666666666,0.2,0.13333333333333333,0.0,A,A,A,microsoft/Phi-3-mini-4k-instruct,0.7
2019_q15,1,0.7333333333333333,0.06666666666666667,0.0,0.2,A,D,A,microsoft/Phi-3-mini-4k-instruct,0.7
2019_q15,2,0.6,0.2,0.13333333333333333,0.06666666666666667,A,C,A,microsoft/Phi-3-mini-4k-instruct,0.7
2019_q15,3,0.6666666666666666,0.26666666666666666,0.06666666666666667,0.0,A,B,A,microsoft/Phi-3-mini-4k-instruct,0.7
2019_q16,0,0.6666666666666666,0.2,0.06666666666666667,0.06666666666666667,A,A,A,microsoft/Phi-3-mini-4k-instruct,0.7
2019_q16,1,0.4,0.4,0.0,0.2,B,D,A,microsoft/Phi-3-mini-4k-instruct,0.7
2019_q16,2,0.6,0.26666666666666666,0.13333333333333333,0.0,A,C,A,microsoft/Phi-3-mini-4k-instruct,0.7
2019_q16,3,0.6,0.3333333333333333,0.06666666666666667,0.0,A,B,A,microsoft/Phi-3-mini-4k-instruct,0.7
2019_q18,0,0.4666666666666667,0.2,0.06666666666666667,0.26666666666666666,A,D,D,microsoft/Phi-3-mini-4k-instruct,0.7
2019_q18,1,0.4666666666666667,0.26666666666666666,0.13333333333333333,0.13333333333333333,A,C,D,microsoft/Phi-3-mini-4k-instruct,0.7
2019_q18,2,0.6,0.3333333333333333,0.0,0.06666666666666667,A,B,D,microsoft/Phi-3-mini-4k-instruct,0.7
2019_q18,3,0.8666666666666667,0.06666666666666667,0.06666666666666667,0.0,A,A,D,microsoft/Phi-3-mini-4k-instruct,0.7
2019_q19,0,0.35714285714285715,0.5714285714285714,0.07142857142857142,0.0,B,A,A,microsoft/Phi-3-mini-4k-instruct,0.7
2019_q19,1,0.4,0.5333333333333333,0.06666666666666667,0.0,B,D,A,microsoft/Phi-3-mini-4k-instruct,0.7
2019_q19,2,0.6923076923076923,0.3076923076923077,0.0,0.0,A,C,A,microsoft/Phi-3-mini-4k-instruct,0.7
2019_q19,3,0.5384615384615384,0.38461538461538464,0.07692307692307693,0.0,A,B,A,microsoft/Phi-3-mini-4k-instruct,0.7
2019_q20,0,0.9333333333333333,0.06666666666666667,0.0,0.0,A,B,B,microsoft/Phi-3-mini-4k-instruct,0.7
2019_q20,1,1.0,0.0,0.0,0.0,A,A,B,microsoft/Phi-3-mini-4k-instruct,0.7
2019_q20,2,0.7333333333333333,0.06666666666666667,0.0,0.2,A,D,B,microsoft/Phi-3-mini-4k-instruct,0.7
2019_q20,3,1.0,0.0,0.0,0.0,A,C,B,microsoft/Phi-3-mini-4k-instruct,0.7
2019_q22,0,0.6666666666666666,0.26666666666666666,0.0,0.06666666666666667,A,B,B,microsoft/Phi-3-mini-4k-instruct,0.7
2019_q22,1,1.0,0.0,0.0,0.0,A,A,B,microsoft/Phi-3-mini-4k-instruct,0.7
2019_q22,2,0.7333333333333333,0.0,0.0,0.26666666666666666,A,D,B,microsoft/Phi-3-mini-4k-instruct,0.7
2019_q22,3,0.7333333333333333,0.0,0.26666666666666666,0.0,A,C,B,microsoft/Phi-3-mini-4k-instruct,0.7
2019_q23,0,0.75,0.16666666666666666,0.08333333333333333,0.0,A,A,A,microsoft/Phi-3-mini-4k-instruct,0.7
2019_q23,1,0.5,0.35714285714285715,0.0,0.14285714285714285,A,D,A,microsoft/Phi-3-mini-4k-instruct,0.7
2019_q23,2,0.5,0.08333333333333333,0.3333333333333333,0.08333333333333333,A,C,A,microsoft/Phi-3-mini-4k-instruct,0.7
2019_q23,3,0.2857142857142857,0.7142857142857143,0.0,0.0,B,B,A,microsoft/Phi-3-mini-4k-instruct,0.7
2019_q24,0,0.8,0.13333333333333333,0.06666666666666667,0.0,A,C,C,microsoft/Phi-3-mini-4k-instruct,0.7
2019_q24,1,0.8,0.2,0.0,0.0,A,B,C,microsoft/Phi-3-mini-4k-instruct,0.7
2019_q24,2,0.9333333333333333,0.06666666666666667,0.0,0.0,A,A,C,microsoft/Phi-3-mini-4k-instruct,0.7
2019_q24,3,0.8,0.13333333333333333,0.0,0.06666666666666667,A,D,C,microsoft/Phi-3-mini-4k-instruct,0.7
2019_q25,0,0.8,0.06666666666666667,0.0,0.13333333333333333,A,D,D,microsoft/Phi-3-mini-4k-instruct,0.7
2019_q25,1,0.9333333333333333,0.0,0.06666666666666667,0.0,A,C,D,microsoft/Phi-3-mini-4k-instruct,0.7
2019_q25,2,1.0,0.0,0.0,0.0,A,B,D,microsoft/Phi-3-mini-4k-instruct,0.7
2019_q25,3,1.0,0.0,0.0,0.0,A,A,D,microsoft/Phi-3-mini-4k-instruct,0.7
2019_q26,0,0.7333333333333333,0.26666666666666666,0.0,0.0,A,C,C,microsoft/Phi-3-mini-4k-instruct,0.7
2019_q26,1,0.8,0.2,0.0,0.0,A,B,C,microsoft/Phi-3-mini-4k-instruct,0.7
2019_q26,2,0.8666666666666667,0.13333333333333333,0.0,0.0,A,A,C,microsoft/Phi-3-mini-4k-instruct,0.7
2019_q26,3,0.7333333333333333,0.26666666666666666,0.0,0.0,A,D,C,microsoft/Phi-3-mini-4k-instruct,0.7
2019_q27,0,0.6,0.0,0.4,0.0,A,A,A,microsoft/Phi-3-mini-4k-instruct,0.7
2019_q27,1,0.4666666666666667,0.5333333333333333,0.0,0.0,B,D,A,microsoft/Phi-3-mini-4k-instruct,0.7
2019_q27,2,0.8,0.06666666666666667,0.13333333333333333,0.0,A,C,A,microsoft/Phi-3-mini-4k-instruct,0.7
2019_q27,3,0.7333333333333333,0.13333333333333333,0.0,0.13333333333333333,A,B,A,microsoft/Phi-3-mini-4k-instruct,0.7
2019_q35,0,0.6,0.0,0.3333333333333333,0.06666666666666667,A,C,C,microsoft/Phi-3-mini-4k-instruct,0.7
2019_q35,1,0.6666666666666666,0.26666666666666666,0.0,0.06666666666666667,A,B,C,microsoft/Phi-3-mini-4k-instruct,0.7
2019_q35,2,0.9333333333333333,0.0,0.0,0.06666666666666667,A,A,C,microsoft/Phi-3-mini-4k-instruct,0.7
2019_q35,3,0.7333333333333333,0.0,0.0,0.26666666666666666,A,D,C,microsoft/Phi-3-mini-4k-instruct,0.7
2019_q36,0,0.9333333333333333,0.0,0.0,0.06666666666666667,A,D,D,microsoft/Phi-3-mini-4k-instruct,0.7
2019_q36,1,0.8666666666666667,0.0,0.06666666666666667,0.06666666666666667,A,C,D,microsoft/Phi-3-mini-4k-instruct,0.7
2019_q36,2,0.5333333333333333,0.4,0.0,0.06666666666666667,A,B,D,microsoft/Phi-3-mini-4k-instruct,0.7
2019_q36,3,0.6666666666666666,0.26666666666666666,0.0,0.06666666666666667,A,A,D,microsoft/Phi-3-mini-4k-instruct,0.7
2019_q37,0,0.8,0.13333333333333333,0.0,0.06666666666666667,A,B,B,microsoft/Phi-3-mini-4k-instruct,0.7
2019_q37,1,0.9333333333333333,0.0,0.06666666666666667,0.0,A,A,B,microsoft/Phi-3-mini-4k-instruct,0.7
2019_q37,2,0.8666666666666667,0.06666666666666667,0.0,0.06666666666666667,A,D,B,microsoft/Phi-3-mini-4k-instruct,0.7
2019_q37,3,0.8666666666666667,0.0,0.13333333333333333,0.0,A,C,B,microsoft/Phi-3-mini-4k-instruct,0.7
2019_q38,0,0.6666666666666666,0.3333333333333333,0.0,0.0,A,B,B,microsoft/Phi-3-mini-4k-instruct,0.7
2019_q38,1,0.8666666666666667,0.06666666666666667,0.06666666666666667,0.0,A,A,B,microsoft/Phi-3-mini-4k-instruct,0.7
2019_q38,2,0.6666666666666666,0.2,0.0,0.13333333333333333,A,D,B,microsoft/Phi-3-mini-4k-instruct,0.7
2019_q38,3,0.6666666666666666,0.13333333333333333,0.2,0.0,A,C,B,microsoft/Phi-3-mini-4k-instruct,0.7
2019_q39,0,0.4,0.6,0.0,0.0,B,B,B,microsoft/Phi-3-mini-4k-instruct,0.7
2019_q39,1,0.9333333333333333,0.06666666666666667,0.0,0.0,A,A,B,microsoft/Phi-3-mini-4k-instruct,0.7
2019_q39,2,0.4666666666666667,0.06666666666666667,0.0,0.4666666666666667,D,D,B,microsoft/Phi-3-mini-4k-instruct,0.7
2019_q39,3,0.26666666666666666,0.0,0.7333333333333333,0.0,C,C,B,microsoft/Phi-3-mini-4k-instruct,0.7
2019_q40,0,0.8666666666666667,0.0,0.13333333333333333,0.0,A,C,C,microsoft/Phi-3-mini-4k-instruct,0.7
2019_q40,1,0.8666666666666667,0.13333333333333333,0.0,0.0,A,B,C,microsoft/Phi-3-mini-4k-instruct,0.7
2019_q40,2,0.8,0.13333333333333333,0.0,0.06666666666666667,A,A,C,microsoft/Phi-3-mini-4k-instruct,0.7
2019_q40,3,0.6666666666666666,0.26666666666666666,0.06666666666666667,0.0,A,D,C,microsoft/Phi-3-mini-4k-instruct,0.7
2020_q1,0,0.9333333333333333,0.0,0.06666666666666667,0.0,A,C,C,microsoft/Phi-3-mini-4k-instruct,0.7
2020_q1,1,1.0,0.0,0.0,0.0,A,B,C,microsoft/Phi-3-mini-4k-instruct,0.7
2020_q1,2,0.9333333333333333,0.06666666666666667,0.0,0.0,A,A,C,microsoft/Phi-3-mini-4k-instruct,0.7
2020_q1,3,0.7333333333333333,0.13333333333333333,0.06666666666666667,0.06666666666666667,A,D,C,microsoft/Phi-3-mini-4k-instruct,0.7
2020_q2,0,0.36363636363636365,0.5454545454545454,0.0,0.09090909090909091,B,D,D,microsoft/Phi-3-mini-4k-instruct,0.7
2020_q2,1,0.4444444444444444,0.1111111111111111,0.4444444444444444,0.0,A,C,D,microsoft/Phi-3-mini-4k-instruct,0.7
2020_q2,2,0.5454545454545454,0.2727272727272727,0.09090909090909091,0.09090909090909091,A,B,D,microsoft/Phi-3-mini-4k-instruct,0.7
2020_q2,3,0.5454545454545454,0.09090909090909091,0.36363636363636365,0.0,A,A,D,microsoft/Phi-3-mini-4k-instruct,0.7
2020_q3,0,1.0,0.0,0.0,0.0,A,A,A,microsoft/Phi-3-mini-4k-instruct,0.7
2020_q3,1,0.4666666666666667,0.06666666666666667,0.0,0.4666666666666667,D,D,A,microsoft/Phi-3-mini-4k-instruct,0.7
2020_q3,2,0.5714285714285714,0.0,0.42857142857142855,0.0,A,C,A,microsoft/Phi-3-mini-4k-instruct,0.7
2020_q3,3,0.26666666666666666,0.7333333333333333,0.0,0.0,B,B,A,microsoft/Phi-3-mini-4k-instruct,0.7
2020_q4,0,0.6666666666666666,0.3333333333333333,0.0,0.0,A,C,C,microsoft/Phi-3-mini-4k-instruct,0.7
2020_q4,1,0.8,0.2,0.0,0.0,A,B,C,microsoft/Phi-3-mini-4k-instruct,0.7
2020_q4,2,1.0,0.0,0.0,0.0,A,A,C,microsoft/Phi-3-mini-4k-instruct,0.7
2020_q4,3,0.8333333333333334,0.16666666666666666,0.0,0.0,A,D,C,microsoft/Phi-3-mini-4k-instruct,0.7
2020_q5,0,0.7142857142857143,0.2857142857142857,0.0,0.0,A,D,D,microsoft/Phi-3-mini-4k-instruct,0.7
2020_q5,1,0.6666666666666666,0.2,0.13333333333333333,0.0,A,C,D,microsoft/Phi-3-mini-4k-instruct,0.7
2020_q5,2,0.8571428571428571,0.14285714285714285,0.0,0.0,A,B,D,microsoft/Phi-3-mini-4k-instruct,0.7
2020_q5,3,0.7857142857142857,0.21428571428571427,0.0,0.0,A,A,D,microsoft/Phi-3-mini-4k-instruct,0.7
2020_q6,0,0.6666666666666666,0.26666666666666666,0.06666666666666667,0.0,A,B,B,microsoft/Phi-3-mini-4k-instruct,0.7
2020_q6,1,0.4666666666666667,0.4666666666666667,0.0,0.06666666666666667,B,A,B,microsoft/Phi-3-mini-4k-instruct,0.7
2020_q6,2,0.6666666666666666,0.26666666666666666,0.0,0.06666666666666667,A,D,B,microsoft/Phi-3-mini-4k-instruct,0.7
2020_q6,3,0.4666666666666667,0.06666666666666667,0.4,0.06666666666666667,A,C,B,microsoft/Phi-3-mini-4k-instruct,0.7
2020_q7,0,0.46153846153846156,0.0,0.5384615384615384,0.0,C,A,A,microsoft/Phi-3-mini-4k-instruct,0.7
2020_q7,1,0.2857142857142857,0.6428571428571429,0.0,0.07142857142857142,B,D,A,microsoft/Phi-3-mini-4k-instruct,0.7
2020_q7,2,0.4166666666666667,0.08333333333333333,0.5,0.0,C,C,A,microsoft/Phi-3-mini-4k-instruct,0.7
2020_q7,3,0.35714285714285715,0.5714285714285714,0.0,0.07142857142857142,B,B,A,microsoft/Phi-3-mini-4k-instruct,0.7
2020_q8,0,0.7333333333333333,0.2,0.0,0.06666666666666667,A,B,B,microsoft/Phi-3-mini-4k-instruct,0.7
2020_q8,1,1.0,0.0,0.0,0.0,A,A,B,microsoft/Phi-3-mini-4k-instruct,0.7
2020_q8,2,0.7333333333333333,0.26666666666666666,0.0,0.0,A,D,B,microsoft/Phi-3-mini-4k-instruct,0.7
2020_q8,3,0.8666666666666667,0.0,0.13333333333333333,0.0,A,C,B,microsoft/Phi-3-mini-4k-instruct,0.7
2020_q9,0,0.7333333333333333,0.26666666666666666,0.0,0.0,A,A,A,microsoft/Phi-3-mini-4k-instruct,0.7
2020_q9,1,0.7333333333333333,0.13333333333333333,0.0,0.13333333333333333,A,D,A,microsoft/Phi-3-mini-4k-instruct,0.7
2020_q9,2,0.8,0.2,0.0,0.0,A,C,A,microsoft/Phi-3-mini-4k-instruct,0.7
2020_q9,3,0.8666666666666667,0.06666666666666667,0.0,0.06666666666666667,A,B,A,microsoft/Phi-3-mini-4k-instruct,0.7
2020_q10,0,0.8571428571428571,0.14285714285714285,0.0,0.0,A,B,B,microsoft/Phi-3-mini-4k-instruct,0.7
2020_q10,1,0.8571428571428571,0.14285714285714285,0.0,0.0,A,A,B,microsoft/Phi-3-mini-4k-instruct,0.7
2020_q10,2,0.9285714285714286,0.07142857142857142,0.0,0.0,A,D,B,microsoft/Phi-3-mini-4k-instruct,0.7
2020_q10,3,1.0,0.0,0.0,0.0,A,C,B,microsoft/Phi-3-mini-4k-instruct,0.7
2020_q13,0,0.9333333333333333,0.0,0.0,0.06666666666666667,A,A,A,microsoft/Phi-3-mini-4k-instruct,0.7
2020_q13,1,0.5,0.07142857142857142,0.2857142857142857,0.14285714285714285,A,D,A,microsoft/Phi-3-mini-4k-instruct,0.7
2020_q13,2,0.4,0.2,0.4,0.0,A,C,A,microsoft/Phi-3-mini-4k-instruct,0.7
2020_q13,3,0.5333333333333333,0.2,0.26666666666666666,0.0,A,B,A,microsoft/Phi-3-mini-4k-instruct,0.7
2020_q16,0,0.6,0.26666666666666666,0.13333333333333333,0.0,A,C,C,microsoft/Phi-3-mini-4k-instruct,0.7
2020_q16,1,0.5333333333333333,0.13333333333333333,0.06666666666666667,0.26666666666666666,A,B,C,microsoft/Phi-3-mini-4k-instruct,0.7
2020_q16,2,0.4,0.2,0.2,0.2,A,A,C,microsoft/Phi-3-mini-4k-instruct,0.7
2020_q16,3,0.4,0.5333333333333333,0.06666666666666667,0.0,B,D,C,microsoft/Phi-3-mini-4k-instruct,0.7
2020_q17,0,0.4,0.3333333333333333,0.26666666666666666,0.0,A,B,B,microsoft/Phi-3-mini-4k-instruct,0.7
2020_q17,1,0.6,0.13333333333333333,0.26666666666666666,0.0,A,A,B,microsoft/Phi-3-mini-4k-instruct,0.7
2020_q17,2,0.4,0.2,0.4,0.0,C,D,B,microsoft/Phi-3-mini-4k-instruct,0.7
2020_q17,3,0.4,0.2,0.4,0.0,C,C,B,microsoft/Phi-3-mini-4k-instruct,0.7
2020_q20,0,0.4,0.5333333333333333,0.0,0.06666666666666667,B,D,D,microsoft/Phi-3-mini-4k-instruct,0.7
2020_q20,1,0.3333333333333333,0.6,0.0,0.06666666666666667,B,C,D,microsoft/Phi-3-mini-4k-instruct,0.7
2020_q20,2,0.4666666666666667,0.5333333333333333,0.0,0.0,B,B,D,microsoft/Phi-3-mini-4k-instruct,0.7
2020_q20,3,0.4666666666666667,0.5333333333333333,0.0,0.0,B,A,D,microsoft/Phi-3-mini-4k-instruct,0.7
2020_q21,0,0.4666666666666667,0.4666666666666667,0.06666666666666667,0.0,A,B,B,microsoft/Phi-3-mini-4k-instruct,0.7
2020_q21,1,0.9333333333333333,0.06666666666666667,0.0,0.0,A,A,B,microsoft/Phi-3-mini-4k-instruct,0.7
2020_q21,2,0.6666666666666666,0.13333333333333333,0.0,0.2,A,D,B,microsoft/Phi-3-mini-4k-instruct,0.7
2020_q21,3,0.6,0.13333333333333333,0.26666666666666666,0.0,A,C,B,microsoft/Phi-3-mini-4k-instruct,0.7
2020_q22,0,0.4666666666666667,0.06666666666666667,0.13333333333333333,0.3333333333333333,A,D,D,microsoft/Phi-3-mini-4k-instruct,0.7
2020_q22,1,0.4,0.3333333333333333,0.26666666666666666,0.0,A,C,D,microsoft/Phi-3-mini-4k-instruct,0.7
2020_q22,2,0.5333333333333333,0.4,0.06666666666666667,0.0,A,B,D,microsoft/Phi-3-mini-4k-instruct,0.7
2020_q22,3,0.8,0.13333333333333333,0.0,0.06666666666666667,A,A,D,microsoft/Phi-3-mini-4k-instruct,0.7
2020_q23,0,0.5333333333333333,0.4,0.0,0.06666666666666667,A,B,B,microsoft/Phi-3-mini-4k-instruct,0.7
2020_q23,1,0.7333333333333333,0.2,0.0,0.06666666666666667,A,A,B,microsoft/Phi-3-mini-4k-instruct,0.7
2020_q23,2,0.5333333333333333,0.2,0.0,0.26666666666666666,A,D,B,microsoft/Phi-3-mini-4k-instruct,0.7
2020_q23,3,0.6,0.13333333333333333,0.2,0.06666666666666667,A,C,B,microsoft/Phi-3-mini-4k-instruct,0.7
2020_q24,0,0.5333333333333333,0.0,0.4,0.06666666666666667,A,C,C,microsoft/Phi-3-mini-4k-instruct,0.7
2020_q24,1,0.6666666666666666,0.26666666666666666,0.0,0.06666666666666667,A,B,C,microsoft/Phi-3-mini-4k-instruct,0.7
2020_q24,2,0.9333333333333333,0.0,0.0,0.06666666666666667,A,A,C,microsoft/Phi-3-mini-4k-instruct,0.7
2020_q24,3,0.7333333333333333,0.0,0.0,0.26666666666666666,A,D,C,microsoft/Phi-3-mini-4k-instruct,0.7
2020_q25,0,0.6428571428571429,0.14285714285714285,0.0,0.21428571428571427,A,D,D,microsoft/Phi-3-mini-4k-instruct,0.7
2020_q25,1,0.42857142857142855,0.2857142857142857,0.21428571428571427,0.07142857142857142,A,C,D,microsoft/Phi-3-mini-4k-instruct,0.7
2020_q25,2,0.7857142857142857,0.14285714285714285,0.0,0.07142857142857142,A,B,D,microsoft/Phi-3-mini-4k-instruct,0.7
2020_q25,3,0.8571428571428571,0.07142857142857142,0.0,0.07142857142857142,A,A,D,microsoft/Phi-3-mini-4k-instruct,0.7
2020_q26,0,0.6666666666666666,0.26666666666666666,0.06666666666666667,0.0,A,B,B,microsoft/Phi-3-mini-4k-instruct,0.7
2020_q26,1,0.7333333333333333,0.13333333333333333,0.13333333333333333,0.0,A,A,B,microsoft/Phi-3-mini-4k-instruct,0.7
2020_q26,2,0.8,0.13333333333333333,0.06666666666666667,0.0,A,D,B,microsoft/Phi-3-mini-4k-instruct,0.7
2020_q26,3,0.8666666666666667,0.06666666666666667,0.06666666666666667,0.0,A,C,B,microsoft/Phi-3-mini-4k-instruct,0.7
2020_q27,0,0.5333333333333333,0.26666666666666666,0.0,0.2,A,B,B,microsoft/Phi-3-mini-4k-instruct,0.7
2020_q27,1,0.6,0.13333333333333333,0.06666666666666667,0.2,A,A,B,microsoft/Phi-3-mini-4k-instruct,0.7
2020_q27,2,0.4,0.13333333333333333,0.2,0.26666666666666666,A,D,B,microsoft/Phi-3-mini-4k-instruct,0.7
2020_q27,3,0.4666666666666667,0.3333333333333333,0.06666666666666667,0.13333333333333333,A,C,B,microsoft/Phi-3-mini-4k-instruct,0.7
2020_q28,0,0.6,0.2,0.06666666666666667,0.13333333333333333,A,D,D,microsoft/Phi-3-mini-4k-instruct,0.7
2020_q28,1,0.3333333333333333,0.26666666666666666,0.13333333333333333,0.26666666666666666,A,C,D,microsoft/Phi-3-mini-4k-instruct,0.7
2020_q28,2,0.4666666666666667,0.13333333333333333,0.2,0.2,A,B,D,microsoft/Phi-3-mini-4k-instruct,0.7
2020_q28,3,0.5333333333333333,0.0,0.26666666666666666,0.2,A,A,D,microsoft/Phi-3-mini-4k-instruct,0.7
2020_q34,0,0.6363636363636364,0.09090909090909091,0.2727272727272727,0.0,A,C,C,microsoft/Phi-3-mini-4k-instruct,0.7
2020_q34,1,0.3333333333333333,0.5,0.16666666666666666,0.0,B,B,C,microsoft/Phi-3-mini-4k-instruct,0.7
2020_q34,2,0.8571428571428571,0.0,0.14285714285714285,0.0,A,A,C,microsoft/Phi-3-mini-4k-instruct,0.7
2020_q34,3,0.4444444444444444,0.5555555555555556,0.0,0.0,B,D,C,microsoft/Phi-3-mini-4k-instruct,0.7
2020_q35,0,0.8,0.0,0.0,0.2,A,D,D,microsoft/Phi-3-mini-4k-instruct,0.7
2020_q35,1,0.8666666666666667,0.0,0.13333333333333333,0.0,A,C,D,microsoft/Phi-3-mini-4k-instruct,0.7
2020_q35,2,0.8666666666666667,0.13333333333333333,0.0,0.0,A,B,D,microsoft/Phi-3-mini-4k-instruct,0.7
2020_q35,3,1.0,0.0,0.0,0.0,A,A,D,microsoft/Phi-3-mini-4k-instruct,0.7
2020_q36,0,1.0,0.0,0.0,0.0,A,C,C,microsoft/Phi-3-mini-4k-instruct,0.7
2020_q36,1,1.0,0.0,0.0,0.0,A,B,C,microsoft/Phi-3-mini-4k-instruct,0.7
2020_q36,2,1.0,0.0,0.0,0.0,A,A,C,microsoft/Phi-3-mini-4k-instruct,0.7
2020_q36,3,0.8,0.0,0.0,0.2,A,D,C,microsoft/Phi-3-mini-4k-instruct,0.7
2020_q37,0,0.6,0.4,0.0,0.0,A,B,B,microsoft/Phi-3-mini-4k-instruct,0.7
2020_q37,1,0.5714285714285714,0.0,0.42857142857142855,0.0,A,A,B,microsoft/Phi-3-mini-4k-instruct,0.7
2020_q37,2,0.4666666666666667,0.3333333333333333,0.0,0.2,A,D,B,microsoft/Phi-3-mini-4k-instruct,0.7
2020_q37,3,0.4,0.0,0.5333333333333333,0.06666666666666667,C,C,B,microsoft/Phi-3-mini-4k-instruct,0.7
2020_q38,0,0.7333333333333333,0.13333333333333333,0.0,0.13333333333333333,A,D,D,microsoft/Phi-3-mini-4k-instruct,0.7
2020_q38,1,0.7333333333333333,0.06666666666666667,0.2,0.0,A,C,D,microsoft/Phi-3-mini-4k-instruct,0.7
2020_q38,2,0.6666666666666666,0.3333333333333333,0.0,0.0,A,B,D,microsoft/Phi-3-mini-4k-instruct,0.7
2020_q38,3,0.8,0.06666666666666667,0.13333333333333333,0.0,A,A,D,microsoft/Phi-3-mini-4k-instruct,0.7
